LOC_ID,protein_name
LOC134680880,Dynein regulatory complex protein 10 (IQ domain-containing protein D)
LOC134682079,Cilia- and flagella-associated protein 100 (Coiled-coil domain-containing protein 37)
LOC134707468,Dual oxidase maturation factor 1 (Dual oxidase activator 1) (Numb-interacting protein)
LOC134715138,"Stress-70 protein, mitochondrial (75 kDa glucose-regulated protein) (GRP-75) (Heat shock 70 kDa protein 9)"
LOC134722146,Dynein regulatory complex subunit 4 (Growth arrest-specific protein 11) (GAS-11) (Growth arrest-specific protein 8) (GAS-8)
LOC134714468,Stabilizer of axonemal microtubules 2
LOC134697440,Tubulin beta-4B chain (Tubulin beta-2C chain)
LOC134699268,"Prolyl 4-hydroxylase subunit alpha-1 (4-PH alpha-1) (EC 1.14.11.2) (Procollagen-proline,2-oxoglutarate-4-dioxygenase subunit alpha-1)"
LOC134681413,E3 ubiquitin-protein ligase TRIM56 (EC 2.3.2.27) (Tripartite motif-containing protein 56)
LOC134707955,Large neutral amino acids transporter small subunit 2 (L-type amino acid transporter 2) (Solute carrier family 7 member 8)
LOC134724759,"Dynein beta chain, ciliary"
LOC134706996,14 kDa phosphohistidine phosphatase (EC 3.9.1.3) (Phosphohistidine phosphatase 1) (PHPT1) (Protein histidine phosphatase) (PHP)
LOC134687586,"5-aminolevulinate synthase, non-specific, mitochondrial (ALAS-H) (EC 2.3.1.37) (5-aminolevulinic acid synthase 1) (Delta-ALA synthase 1) (Delta-aminolevulinate synthase 1)"
LOC134725101,RNA binding protein fox-1 homolog 1 (Ataxin-2-binding protein 1) (Fox-1 homolog A)
LOC134694199,NACHT and WD repeat domain-containing protein 2 (Leucine-rich repeat and WD repeat-containing protein KIAA1239)
LOC134721406,Receptor-interacting serine/threonine-protein kinase 3 (EC 2.7.11.1) (RIP-like protein kinase 3) (Receptor-interacting protein 3) (RIP-3)
LOC134725495,Lethal(2) giant larvae protein homolog 1 (LLGL) (Mgl-1) (Mlgl)
LOC134685155,Protein adenylyltransferase FICD (EC 2.7.7.108) (AMPylator FICD) (De-AMPylase FICD) (EC 3.1.4.-) (FIC domain-containing protein) (Huntingtin yeast partner E) (Huntingtin-interacting protein 13) (HIP-13) (Huntingtin-interacting protein E)
LOC134716854,"Hexokinase-1 (EC 2.7.1.1) (Hexokinase type I) (HK I) (Hexokinase, tumor isozyme)"
LOC134697084,Transitional endoplasmic reticulum ATPase (TER ATPase) (EC 3.6.4.6) (15S Mg(2+)-ATPase p97 subunit) (p97) (Valosin-containing protein) (VCP)
LOC134728292,"Nitric oxide synthase 1 (EC 1.14.13.39) (Constitutive NOS) (NC-NOS) (NOS type I) (Neuronal NOS) (N-NOS) (nNOS) (Nitric oxide synthase, brain) (bNOS) (Peptidyl-cysteine S-nitrosylase NOS1)"
LOC134685400,Ras and EF-hand domain-containing protein
LOC134711804,Coiled-coil domain-containing protein 39
LOC134682960,Neuronal acetylcholine receptor subunit alpha-2
LOC134694369,Phospholipid-transporting ATPase ABCA1 (EC 7.6.2.1) (ATP-binding cassette sub-family A member 1) (ATP-binding cassette transporter 1) (ABC-1) (ATP-binding cassette 1) (Cholesterol efflux regulatory protein)
LOC134713577,Cilia- and flagella-associated protein 57 (WD repeat-containing protein 65)
LOC134724736,IQ domain-containing protein E
LOC134687585,Dynein light chain Tctex-type 5 (Tctex1 domain-containing protein 1)
LOC134712087,Neurexin 1
LOC134685015,ETS-related transcription factor Elf-5 (E74-like factor 5)
LOC134707080,Chitin synthase chs-2 (EC 2.4.1.16) (Chitin-UDP acetyl-glucosaminyl transferase chs-2)
LOC134692823,Ras-related protein Rab-3
LOC134715134,Kinesin-like protein KIN-14I (Kinesin-like calmodulin-binding protein) (OsKCBP)
LOC134696286,Tubulin polyglutamylase TTLL7 (EC 6.3.2.-) (Tubulin--tyrosine ligase-like protein 7)
LOC134688473,Adenylate kinase 9 (EC 2.7.4.4) (EC 2.7.4.6)
LOC134706993,Kinesin-like protein KIF28P (Kinesin-like protein 6)
LOC134712346,Fibrinogen C domain-containing protein 1-B
LOC134714372,Transmembrane protein 214
LOC134717170,Serine/threonine-protein kinase WNK1 (EC 2.7.11.1) (Protein kinase lysine-deficient 1) (Protein kinase with no lysine 1)
LOC134688348,Androglobin
LOC134714631,Protein mono-ADP-ribosyltransferase PARP14 (EC 2.4.2.-) (ADP-ribosyltransferase diphtheria toxin-like 8) (ARTD8) (B aggressive lymphoma protein 2) (Poly [ADP-ribose] polymerase 14) (PARP-14)
LOC134707553,Centriolin (Centrosomal protein 1) (Centrosomal protein of 110 kDa) (Cep110)
LOC134692876,ATP-binding cassette sub-family F member 3
LOC134725059,Transcription factor cwo (Protein clockwork orange)
LOC134725463,Hepatocyte growth factor-regulated tyrosine kinase substrate
LOC134690802,Solute carrier family 25 member 32 (Mitochondrial FAD transporter)
LOC134695971,"3',5'-cyclic-AMP phosphodiesterase 4D (EC 3.1.4.53) (DPDE3) (cAMP-specific phosphodiesterase 4D)"
LOC134712229,"DnaJ homolog subfamily C member 3 (Interferon-induced, double-stranded RNA-activated protein kinase inhibitor) (Protein kinase inhibitor of 58 kDa) (Protein kinase inhibitor p58)"
LOC134715894,Calcium/calmodulin-dependent protein kinase type IV (CaMK IV) (EC 2.7.11.17) (CaM kinase-GR)
LOC134705122,"Lactosylceramide 1,3-N-acetyl-beta-D-glucosaminyltransferase (EC 2.4.1.206) (Lactotriaosylceramide synthase) (Lc(3)Cer synthase) (Lc3 synthase) (UDP-GlcNAc:beta-Gal beta-1,3-N-acetylglucosaminyltransferase 5) (BGnT-5) (Beta-1,3-Gn-T5) (Beta-1,3-N-acetylglucosaminyltransferase 5) (Beta3Gn-T5)"
LOC134711833,TSC22 domain family protein 1
LOC134687118,Dynein axonemal heavy chain 5 (Axonemal beta dynein heavy chain 5) (Ciliary dynein heavy chain 5)
LOC134723868,CCHC-type zinc finger nucleic acid binding protein (Cellular nucleic acid-binding protein) (CNBP) (Zinc finger protein 9)
LOC134712116,Arginase-1 (EC 3.5.3.1) (Liver-type arginase) (Type I arginase)
LOC134725842,Interferon regulatory factor 2 (IRF-2)
LOC134695863,Sodium- and chloride-dependent GABA transporter 2 (GAT-2) (Solute carrier family 6 member 13)
LOC134714775,U3 small nucleolar ribonucleoprotein protein MPP10 (M phase phosphoprotein 10)
LOC134728130,Dynein regulatory complex protein 11 (IQ and AAA domain-containing protein 1)
LOC134687941,Protein mono-ADP-ribosyltransferase PARP14 (EC 2.4.2.-) (ADP-ribosyltransferase diphtheria toxin-like 8) (ARTD8) (B aggressive lymphoma protein 2) (Poly [ADP-ribose] polymerase 14) (PARP-14)
LOC134707454,Sperm-associated microtubule inner protein 4
LOC134682546,Tubulin beta chain (Beta-tubulin)
LOC134698874,Serine/threonine-protein kinase SIK2 (EC 2.7.11.1) (Qin-induced kinase) (Salt-inducible kinase 2) (SIK-2) (Serine/threonine-protein kinase SNF1-like kinase 2)
LOC134714939,"Threonine--tRNA ligase 1, cytoplasmic (EC 6.1.1.3) (Threonine--tRNA ligase, cytoplasmic) (Threonyl-tRNA synthetase) (ThrRS) (Threonyl-tRNA synthetase 1)"
LOC134720696,Hepatocyte nuclear factor 4-alpha (HNF-4-alpha) (Nuclear receptor subfamily 2 group A member 1)
LOC134684518,FERM domain-containing protein 4A
LOC134712684,"RNA-binding motif protein, X chromosome (Heterogeneous nuclear ribonucleoprotein G) (hnRNP G) (RNA-binding motif protein, X chromosome retrogene) (RNA-binding motif protein, X chromosome retrogene-like) [Cleaved into: RNA-binding motif protein, X chromosome, N-terminally processed]"
LOC134683202,Basic phospholipase A2 1 (svPLA2) (EC 3.1.1.4) (Phosphatidylcholine 2-acylhydrolase)
LOC134710836,Muscle-specific protein 300 kDa (Nesprin-like protein Msp300)
LOC134707842,"Methionine--tRNA ligase, cytoplasmic (EC 6.1.1.10) (Methionyl-tRNA synthetase) (MetRS)"
LOC134688325,Bcl-2 homologous antagonist/killer (Apoptosis regulator BAK) (Bcl-2-like protein 7) (Bcl2-L-7)
LOC134695210,Homeobox protein Mohawk
LOC134714716,Protein BTG1 (B-cell translocation gene 1 protein)
LOC134707973,Transient receptor potential cation channel subfamily V member 6 (TrpV6) (Calcium transport protein 1) (CaT1) (Epithelial calcium channel 2) (ECaC2)
LOC134715478,Transforming acidic coiled-coil-containing protein 1 (Gastric cancer antigen Ga55) (Taxin-1)
LOC134697125,"Arf-GAP with Rho-GAP domain, ANK repeat and PH domain-containing protein 1 (Centaurin-delta-2) (Cnt-d2)"
LOC134714888,Long-chain-fatty-acid--CoA ligase ACSBG2 (EC 6.2.1.3) (Acyl-CoA synthetase bubblegum family member 2) (Arachidonate--CoA ligase ACSBG2) (EC 6.2.1.15)
LOC134712504,Myosin
LOC134695224,Innexin unc-9 (Uncoordinated protein 9)
LOC134714791,"Asparagine--tRNA ligase, cytoplasmic (EC 6.1.1.22) (Asparaginyl-tRNA synthetase) (AsnRS)"
LOC134706953,D-aspartate oxidase (DASOX) (DASPO) (DDO) (EC 1.4.3.1)
LOC134694790,Dynein axonemal heavy chain 7 (Axonemal beta dynein heavy chain 7) (Ciliary dynein heavy chain 7) (Dynein heavy chain-like protein 2) (hDHC2)
LOC134712827,"Inositol 1,4,5-trisphosphate-gated calcium channel ITPR1 (IP3 receptor isoform 1) (IP3R 1) (InsP3R1) (Inositol 1,4,5-trisphosphate receptor type 1) (Type 1 inositol 1,4,5-trisphosphate receptor) (Type 1 InsP3 receptor)"
LOC134706872,Tubulin alpha-3 chain (EC 3.6.5.-) (Alpha-tubulin 3) [Cleaved into: Detyrosinated tubulin alpha-3 chain]
LOC134713197,Serine/threonine-protein kinase Nek5 (EC 2.7.11.1) (Never in mitosis A-related kinase 5) (NimA-related protein kinase 5)
LOC134718010,Potassium voltage-gated channel protein Shal (Shaker cognate l) (Shal2)
LOC134681026,Putative transcription factor SOX-14
LOC134690830,Dynein regulatory complex protein 1 (Coiled-coil domain-containing protein 164)
LOC134701330,NEDD8-conjugating enzyme UBE2F (EC 2.3.2.34) (NEDD8 carrier protein UBE2F) (NEDD8 protein ligase UBE2F) (NEDD8-conjugating enzyme 2) (RING-type E3 NEDD8 transferase UBE2F) (Ubiquitin-conjugating enzyme E2 F)
LOC134710337,Microtubule-associated proteins 1A/1B light chain 3C (Autophagy-related protein LC3 C) (Autophagy-related ubiquitin-like modifier LC3 C) (MAP1 light chain 3-like protein 3) (MAP1A/MAP1B light chain 3 C) (MAP1A/MAP1B LC3 C) (Microtubule-associated protein 1 light chain 3 gamma)
LOC134692668,Transcription factor HES-4-A (Hairy and enhancer of split 4-A) (Protein hairy-2) (Xhairy2) (Protein hairy-2a) (Xhairy2a)
LOC134711806,Protein timeless
LOC134710032,Basal body-orientation factor 1 (Coiled-coil domain-containing protein 176)
LOC134721074,GTP-binding protein REM 1 (Rad and Gem-like GTP-binding protein 1)
LOC134711996,Calmodulin (CaM)
LOC134715868,Eukaryotic translation initiation factor 3 subunit J-A (eIF3j-A) (Eukaryotic translation initiation factor 3 subunit 1-A) (eIF-3-alpha-A) (eIF3 p35-A)
LOC134686279,Mesencephalic astrocyte-derived neurotrophic factor (Arginine-rich protein) (Protein ARMET)
LOC134725633,Zinc finger SWIM domain-containing protein 8
LOC134725089,Apolipophorins [Cleaved into: Apolipophorin-2 (Apolipophorin II) (apoLp-2); Apolipophorin-1 (Apolipophorin I) (apoLp-1)]
LOC134714760,RNA polymerase II elongation factor ELL2
LOC134706580,Tubulin alpha-3 chain (EC 3.6.5.-) (Alpha-tubulin 3) [Cleaved into: Detyrosinated tubulin alpha-3 chain]
LOC134690812,Microtubule cross-linking factor 3
LOC134722190,Protein FAM210A
LOC134708467,Glutamine synthetase (GS) (EC 6.3.1.2) (Glutamate--ammonia ligase) (Palmitoyltransferase GLUL) (EC 2.3.1.225)
LOC134694655,Phosphonoacetaldehyde hydrolase (Phosphonatase) (EC 3.11.1.1) (Phosphonoacetaldehyde phosphonohydrolase)
LOC134694860,Thioredoxin domain-containing protein 6 (Thioredoxin-like protein 2) (Txl-2)
LOC134711783,Bifunctional glutamate/proline--tRNA ligase (Bifunctional aminoacyl-tRNA synthetase) [Includes: Glutamate--tRNA ligase (EC 6.1.1.17) (Glutamyl-tRNA synthetase); Proline--tRNA ligase (EC 6.1.1.15) (Prolyl-tRNA synthetase) (ProRS)]
LOC134716094,Eukaryotic peptide chain release factor subunit 1 (Eukaryotic release factor 1) (eRF1)
LOC134695859,Mitochondrial import inner membrane translocase subunit Tim16 (Protein black pearl)
LOC134722086,Sodium-dependent neutral amino acid transporter SLC6A17 (Sodium-dependent neurotransmitter transporter NTT4) (Solute carrier family 6 member 17)
LOC134707215,Non-neuronal cytoplasmic intermediate filament protein (IF)
LOC134713272,Tyrosine-protein phosphatase Lar (EC 3.1.3.48) (Protein-tyrosine-phosphate phosphohydrolase) (dLAR)
LOC134706577,"10 kDa heat shock protein, mitochondrial (Hsp10) (10 kDa chaperonin) (Chaperonin 10) (CPN10)"
LOC134697300,Byssal HSP-like protein 1
LOC134706345,Glycine--tRNA ligase (EC 6.1.1.14) (Diadenosine tetraphosphate synthetase) (Ap4A synthetase) (EC 2.7.7.-) (Glycyl-tRNA synthetase) (GlyRS) (Glycyl-tRNA synthetase 1)
LOC134712485,Leucine-rich repeat and death domain-containing protein 1
LOC134722127,Monocarboxylate transporter 14 (MCT 14) (Solute carrier family 16 member 14)
LOC134708397,Sacsin (DnaJ homolog subfamily C member 29)
LOC134714660,Fibronectin type 3 and ankyrin repeat domains protein 1
LOC134711254,Heterogeneous nuclear ribonucleoprotein U-like protein 1
LOC134708006,High-affinity choline transporter 1
LOC134681287,Leucine-rich repeat-containing protein 43
LOC134718580,Nuclear protein MDM1
LOC134700327,Glutathione peroxidase 7 (GPx-7) (GSHPx-7) (EC 1.11.1.9)
LOC134721016,Cilia- and flagella-associated protein 44 (WD repeat-containing protein 52)
LOC134716033,Phospholipid-transporting ATPase ID (EC 7.6.2.1) (ATPase class I type 8B member 2) (P4-ATPase flippase complex alpha subunit ATP8B2)
LOC134724433,Guanine nucleotide-binding protein-like 3 homolog (Nucleostemin-1)
LOC134721963,Sperm surface protein Sp17 (Sperm autoantigenic protein 17)
LOC134688021,Protein phosphatase 1 regulatory subunit 12A (Myosin phosphatase-targeting subunit 1) (Myosin phosphatase target subunit 1)
LOC134700619,Glyceraldehyde-3-phosphate dehydrogenase (GAPDH) (EC 1.2.1.12)
LOC134706783,Serine hydrolase RBBP9 (EC 3.-.-.-) (B5T-overexpressed gene protein) (Protein BOG) (Retinoblastoma-binding protein 9) (RBBP-9)
LOC134685621,One cut domain family member 2 (One cut homeobox 2) (Transcription factor ONECUT-2) (OC-2)
LOC134683013,Tektin-3
LOC134712114,"Pyruvate carboxylase, mitochondrial (EC 6.4.1.1) (Pyruvic carboxylase) (PCB)"
LOC134720952,Hemocyte protein-glutamine gamma-glutamyltransferase (EC 2.3.2.13) (Hemocyte transglutaminase) (TGase)
LOC134694787,Centrosome and spindle pole-associated protein 1
LOC134708255,Tektin-like protein 1 (Coiled-coil domain-containing protein 105)
LOC134692703,Zinc finger protein 362
LOC134723511,Piercer of microtubule wall 1 protein (Pierce1) (UPF0691 protein C9orf116 homolog)
LOC134725790,Dynein axonemal heavy chain 3 (Axonemal beta dynein heavy chain 3) (HsADHC3) (Ciliary dynein heavy chain 3) (Dnahc3-b)
LOC134707402,Charged multivesicular body protein 5 (Chromatin-modifying protein 5)
LOC134696344,Centrosomal protein of 135 kDa (Cep135) (Centrosomal protein 4)
LOC134718629,"Macrophage-expressed gene 1 protein (Macrophage gene 1 protein) (Mpg-1) (Perforin-2) (P-2) [Cleaved into: Macrophage-expressed gene 1 protein, processed form]"
LOC134711926,Tubulin polyglutamylase TTLL5 (EC 6.3.2.-) (Tubulin--tyrosine ligase-like protein 5)
LOC134717350,Superoxide dismutase [Cu-Zn] (EC 1.15.1.1)
LOC134722124,Hypoxia up-regulated protein 1
LOC134692905,Glyoxylate reductase/hydroxypyruvate reductase (EC 1.1.1.79) (EC 1.1.1.81)
LOC134683926,Dynein axonemal intermediate chain 3 (Testis development protein NYD-SP29) (WD repeat-containing protein 63)
LOC134716189,Putative aminopeptidase W07G4.4 (EC 3.4.11.-)
LOC134724864,Coiled-coil domain-containing protein 33
LOC134723093,E3 ubiquitin-protein ligase RNF213 (EC 2.3.2.27) (EC 3.6.4.-) (E3 ubiquitin-lipopolysaccharide ligase RNF213) (EC 2.3.2.-) (Mysterin) (RING finger protein 213)
LOC134691224,General transcription factor 3C polypeptide 2 (TF3C-beta) (Transcription factor IIIC 110 kDa subunit) (TFIIIC 110 kDa subunit) (TFIIIC110) (Transcription factor IIIC subunit beta)
LOC134687228,Intraflagellar transport protein 88 homolog (Recessive polycystic kidney disease protein Tg737) (Tetratricopeptide repeat protein 10) (TPR repeat protein 10) (TgN(Imorpk)737Rpw)
LOC134697153,Protein Fe65 homolog
LOC134714750,Nicotinamide phosphoribosyltransferase (NAmPRTase) (Nampt) (EC 2.4.2.12) (Pre-B-cell colony-enhancing factor 1 homolog) (PBEF) (Visfatin)
LOC134721100,"Dynein beta chain, flagellar outer arm"
LOC134714337,ADP-ribosylation factor GTPase-activating protein 1 (ARF GAP 1) (ADP-ribosylation factor 1 GTPase-activating protein) (ARF1 GAP) (ARF1-directed GTPase-activating protein)
LOC134711414,Rho-related GTP-binding protein RhoU (CDC42-like GTPase 1) (GTP-binding protein-like 1) (Rho GTPase-like protein ARHU) (Ryu GTPase) (Wnt-1 responsive Cdc42 homolog 1) (WRCH-1)
LOC134706576,"60 kDa heat shock protein, mitochondrial (EC 5.6.1.7) (60 kDa chaperonin) (Chaperonin 60) (CPN60) (Heat shock protein 60) (HSP-60) (Hsp60)"
LOC134723308,Pre-rRNA-processing protein TSR1 homolog
LOC134691386,Tribbles homolog 2 (TRB-2)
LOC134725152,"Prolyl 4-hydroxylase subunit alpha-2 (4-PH alpha-2) (EC 1.14.11.2) (Procollagen-proline,2-oxoglutarate-4-dioxygenase subunit alpha-2)"
LOC134718956,Meiosis-specific nuclear structural protein 1
LOC134712944,Uncharacterized protein C3orf20
LOC134712383,NFX1-type zinc finger-containing protein 1
LOC134725734,DNA damage-inducible transcript 4-like protein
LOC134721973,Hydrocephalus-inducing protein homolog
LOC134712367,Stress-induced-phosphoprotein 1 (STI1)
LOC134712215,Egl nine homolog 1 (EC 1.14.11.29) (Hypoxia-inducible factor prolyl hydroxylase 2) (HIF-PH2) (HIF-prolyl hydroxylase 2) (HPH-2) (Prolyl hydroxylase domain-containing protein 2) (PHD2)
LOC134691255,Zinc finger protein 90 homolog (Zfp-90) (Zinc finger protein 756)
LOC134686881,Synaptotagmin-like protein 4 (Exophilin-2) (Granuphilin)
LOC134697688,von Willebrand factor A domain-containing protein 3B (VWA domain-containing protein 3B)
LOC134684994,"ATP-dependent RNA helicase DEAH12, chloroplastic (EC 3.6.4.13)"
LOC134687225,Mucin-like protein
LOC134711376,Hypoxia-inducible factor 1-alpha (HIF-1-alpha) (HIF1-alpha)
LOC134714540,T-complex protein 1 subunit gamma (TCP-1-gamma) (CCT-gamma)
LOC134708032,Protein SPMIP7 (Sperm microtubule inner protein 7) (Spermatogenesis-associated protein 48)
LOC134685609,Calumenin
LOC134711211,Protein YIF1B (YIP1-interacting factor homolog B)
LOC134714976,Equilibrative nucleoside transporter 3 (Solute carrier family 29 member 3)
LOC134706271,Tubulin monoglutamylase TTLL4 (EC 6.3.2.-) (Protein monoglutamylase TTLL4) (Tubulin--tyrosine ligase-like protein 4)
LOC134693219,Multifunctional protein CAD (Carbamoyl phosphate synthetase 2-aspartate transcarbamylase-dihydroorotase) [Includes: Glutamine-dependent carbamoyl-phosphate synthase (EC 6.3.5.5); Glutamine amidotransferase (GATase) (GLNase) (EC 3.5.1.2); Ammonium-dependent carbamoyl phosphate synthase (CPS) (CPSase) (EC 6.3.4.16); Aspartate carbamoyltransferase (EC 2.1.3.2); Dihydroorotase (EC 3.5.2.3)]
LOC134688158,Protein mono-ADP-ribosyltransferase PARP14 (EC 2.4.2.-) (ADP-ribosyltransferase diphtheria toxin-like 8) (ARTD8) (B aggressive lymphoma protein 2) (Poly [ADP-ribose] polymerase 14) (PARP-14)
LOC134707958,Large neutral amino acids transporter small subunit 1 (4F2 light chain) (4F2 LC) (4F2LC) (CD98 light chain) (Integral membrane protein E16) (E16) (L-type amino acid transporter 1) (hLAT1) (Solute carrier family 7 member 5) (y+ system cationic amino acid transporter)
LOC134688364,Coiled-coil domain-containing protein 83
LOC134709302,Paired box protein Pax-9
LOC134716407,Sacsin (DnaJ homolog subfamily C member 29)
LOC134723224,V-type proton ATPase subunit S1 (V-ATPase subunit S1) (V-ATPase Ac45 subunit) (V-ATPase S1 accessory protein) (Vacuolar proton pump subunit S1)
LOC134712427,Ankyrin repeat domain-containing protein 42
LOC134712368,"Amino acid transporter heavy chain SLC3A1 (D2) (Neutral and basic amino acid transport protein) (NBAT) (Solute carrier family 3 member 1) (b(0,+)-type amino acid transporter-related heavy chain) (NAA-TR) (rBAT)"
LOC134725758,Peroxiredoxin-1 (EC 1.11.1.24) (Thioredoxin-dependent peroxiredoxin 1)
LOC134715440,Zinc finger protein 474
LOC134721793,Phosphatidylinositol-3-phosphatase SAC1 (EC 3.1.3.64) (Phosphatidylinositol-4-phosphate phosphatase) (Suppressor of actin mutations 1-like protein)
LOC134712723,Dynein axonemal heavy chain 2 (Axonemal beta dynein heavy chain 2) (Ciliary dynein heavy chain 2)
LOC134706827,"Voltage-dependent L-type calcium channel subunit alpha-1S (Calcium channel, L type, alpha-1 polypeptide, isoform 3, skeletal muscle) (ROB1) (Voltage-gated calcium channel subunit alpha Cav1.1)"
LOC134712784,Importin subunit alpha-4 (Importin alpha Q2) (Qip2) (Karyopherin subunit alpha-3)
LOC134716154,"Dynein intermediate chain 2, ciliary"
LOC134710890,Calmodulin (CaM)
LOC134710063,Serine/threonine-protein phosphatase 4 regulatory subunit 3 (SMEK homolog 1)
LOC134691121,cAMP-responsive element-binding protein-like 2
LOC134710951,Ninein-like protein
LOC134687860,FAS-associated factor 1
LOC134712678,BCL-6 corepressor (BCoR)
LOC134707977,Tubulin alpha-1 chain (EC 3.6.5.-)
LOC134706448,ATP-binding cassette sub-family F member 2
LOC134725888,Probable helicase with zinc finger domain (EC 3.6.4.-) (Down-regulated in human cancers protein)
LOC134687679,Sperm flagellar protein 2 (Protein KPL2)
LOC134725956,Ankyrin repeat and KH domain-containing protein 1 (HIV-1 Vpr-binding ankyrin repeat protein) (Multiple ankyrin repeats single KH domain) (hMASK)
LOC134711882,Calmodulin (CaM)
LOC134686875,Glutamate receptor 2
LOC134725661,Eukaryotic translation initiation factor 4E-binding protein 1 (4E-BP1) (eIF4E-binding protein 1) (Phosphorylated heat- and acid-stable protein regulated by insulin 1) (PHAS-I)
LOC134685680,Homeobox protein DBX1 (Developing brain homeobox protein 1)
LOC134713071,Dolichyl-diphosphooligosaccharide--protein glycosyltransferase subunit 1 (Dolichyl-diphosphooligosaccharide--protein glycosyltransferase 67 kDa subunit) (Ribophorin I) (RPN-I) (Ribophorin-1)
LOC134711029,"Malate dehydrogenase, cytoplasmic (EC 1.1.1.37) (Aromatic alpha-keto acid reductase) (KAR) (EC 1.1.1.96) (Cytosolic malate dehydrogenase)"
LOC134688602,Dynein axonemal heavy chain 7 (Axonemal beta dynein heavy chain 7) (Axonemal dynein heavy chain b) (Ciliary dynein heavy chain 7) (Dynein-like protein 7)
LOC134706264,Cyclic nucleotide-binding domain-containing protein 2 (Cyclic nucleotide receptor involved in sperm function)
LOC134680861,Na(+)/dicarboxylate cotransporter 3 (NaDC-3) (mNaDC3) (Na(+)-coupled carboxylate transporter 3) (NaC3) (Sodium-dependent high-affinity dicarboxylate transporter 2) (Solute carrier family 13 member 3)
LOC134724165,Haloacid dehalogenase-like hydrolase domain-containing 5 (Cat eye syndrome critical region protein 5)
LOC134692757,Myeloid leukemia factor 1 (Myelodysplasia-myeloid leukemia factor 1)
LOC134686698,PC3-like endoprotease variant B (EC 3.4.21.-) (SPC3)
LOC134683165,Tubulin polymerization-promoting protein family member 3
LOC134714771,Tubulin polyglutamylase ttll6 (EC 6.3.2.-) (Protein polyglutamylase TTLL6) (Tubulin tyrosine ligase-like family member 6)
LOC134708235,"Actin, adductor muscle (EC 3.6.4.-)"
LOC134696787,N-glycosidase R617 (EC 3.2.2.-) (Riboflavin biosynthesis intermediates N-glycosidase)
LOC134683324,Lamin tail domain-containing protein 1 (Intermediate filament tail domain-containing protein 1) (Lamin-A-related sequence 1 protein)
LOC134720746,"b(0,+)-type amino acid transporter 1 (b(0,+)AT) (4F2-LC6) (Glycoprotein-associated amino acid transporter b0,+AT1) (Solute carrier family 7 member 9)"
LOC134680725,Coiled-coil domain-containing protein 42 homolog
LOC134693705,"Solute carrier family 2, facilitated glucose transporter member 1 (Glucose transporter type 1, erythrocyte/brain) (GLUT-1)"
LOC134683452,"1-phosphatidylinositol 4,5-bisphosphate phosphodiesterase delta-4 (EC 3.1.4.11) (Phosphoinositide phospholipase C-delta-4) (Phospholipase C-delta-4) (PLC-delta-4)"
LOC134695781,97 kDa heat shock protein (Heat shock protein 110)
LOC134692455,Nucleolar GTP-binding protein 2 (Autoantigen NGP-1)
LOC134725835,Heterochromatin protein 1-binding protein 3
LOC134707545,TRAF3-interacting protein 1
LOC134688520,c-Myc-binding protein (Associate of Myc 1) (AMY-1)
LOC134682572,Tubulin beta chain (Beta-tubulin)
LOC134697101,Ankyrin repeat and LEM domain-containing protein 2 (LEM domain-containing protein 4)
LOC134683028,Metal cation symporter ZIP14 (LIV-1 subfamily of ZIP zinc transporter 4) (LZT-Hs4) (Solute carrier family 39 member 14) (Zrt- and Irt-like protein 14) (ZIP-14)
LOC134706246,"Glycoprotein-N-acetylgalactosamine 3-beta-galactosyltransferase 1 (EC 2.4.1.122) (Glycoprotein-N-acetylgalactosamine beta-1,3-galactosyltransferase) (Beta-1,3-galactosyltransferase) (T-synthase)"
LOC134710081,Centrosomal protein of 128 kDa (Cep128)
LOC134708469,Centrosome-associated protein 350 (Cep350)
LOC134718400,Suppressor of tumorigenicity 7 protein homolog
LOC134716897,von Willebrand factor D and EGF domain-containing protein
LOC134711077,Homeobox protein OTX2 (Orthodenticle homolog 2)
LOC134706903,Putative ferric-chelate reductase 1 homolog (DmSDR2) (EC 1.-.-.-)
LOC134693842,Forkhead-associated domain-containing protein 1 (FHA domain-containing protein 1)
LOC134683210,Reelin (EC 3.4.21.-)
LOC134715412,MAP kinase-interacting serine/threonine-protein kinase 1 (EC 2.7.11.1) (MAP kinase signal-integrating kinase 1) (MAPK signal-integrating kinase 1) (Mnk1)
LOC134722735,Spermatogenesis-associated protein 1
LOC134688259,Sperm-associated antigen 17 (Projection protein PF6 homolog)
LOC134706257,Cilia- and flagella- associated protein 210
LOC134715951,Leucine-rich repeat-containing protein 71
LOC134681206,EF-hand calcium-binding domain-containing protein 7
LOC134724598,Folliculin-interacting protein 1
LOC134715827,Protein MAK16 homolog A (MAK16-like protein A)
LOC134685659,"Leucine--tRNA ligase, cytoplasmic (EC 6.1.1.4) (Leucyl-tRNA synthetase) (LeuRS) (cLRS)"
LOC134696006,Calnexin
LOC134685076,Calcium/manganese antiporter SLC30A10 (Solute carrier family 30 member 10)
LOC134720801,DNA topoisomerase 1 (EC 5.6.2.1) (DNA topoisomerase I)
LOC134685357,Importin-7 (Imp7) (Ran-binding protein 7) (RanBP7)
LOC134706837,Golgin subfamily A member 4 (256 kDa golgin) (Golgin-245) (Protein 72.1) (Trans-Golgi p230)
LOC134696622,Eukaryotic translation initiation factor 5B (eIF-5B) (EC 3.6.5.3) (Translation initiation factor IF-2)
LOC134710226,Eukaryotic translation initiation factor 5 (eIF-5)
LOC134721830,Calbindin-32
LOC134721786,Something about silencing protein 10 (Charged amino acid-rich leucine zipper 1) (Disrupter of silencing SAS10) (UTP3 homolog)
LOC134715632,Uncharacterized protein ZK1073.1
LOC134699002,ATP-dependent RNA helicase me31b (EC 3.6.4.13) (Maternal expression at 31B)
LOC134693708,Prohibitin-2 (B-cell receptor-associated protein BAP37) (BAP-37)
LOC134720845,Ribosomal RNA processing protein 1 homolog B (RRP1-like protein B)
LOC134687008,Eukaryotic translation initiation factor 2 subunit 3 (EC 3.6.5.3) (Eukaryotic translation initiation factor 2 subunit gamma) (eIF2-gamma)
LOC134720381,DnaJ homolog subfamily C member 2
LOC134715180,Nucleolar protein 56 (Nucleolar protein 5A)
LOC134685572,Protein FAM199X
LOC134705633,Asparagine synthetase [glutamine-hydrolyzing] (EC 6.3.5.4) (Glutamine-dependent asparagine synthetase)
LOC134714997,Rho-related BTB domain-containing protein 1
LOC134696498,Sodium- and chloride-dependent glycine transporter 1 (GlyT-1) (GlyT1) (Solute carrier family 6 member 9)
LOC134706457,Insulin-like growth factor 2 mRNA-binding protein 1 (IGF2 mRNA-binding protein 1) (IMP-1) (IGF-II mRNA-binding protein 1) (VICKZ family member 1) (Zip-code binding polypeptide) (Zipcode-binding protein 1) (ZBP-1)
LOC134721501,Lysine--tRNA ligase (EC 2.7.7.-) (EC 6.1.1.6) (Lysyl-tRNA synthetase) (LysRS)
LOC134721207,Large neutral amino acids transporter small subunit 2 (L-type amino acid transporter 2) (Solute carrier family 7 member 8)
LOC134693841,Eukaryotic translation initiation factor 4 gamma 3 (eIF-4-gamma 3) (eIF-4G 3) (eIF4G 3) (eIF-4-gamma II) (eIF4GII)
LOC134706619,Asparagine synthetase [glutamine-hydrolyzing] (EC 6.3.5.4) (Glutamine-dependent asparagine synthetase)
LOC134714392,Phenylalanine--tRNA ligase alpha subunit (EC 6.1.1.20) (Phenylalanyl-tRNA synthetase alpha subunit) (PheRS)
LOC134710327,"Adenylosuccinate synthetase isozyme 1 (AMPSase 1) (AdSS 1) (EC 6.3.4.4) (Adenylosuccinate synthetase like 1) (Adenylosuccinate synthetase, basic isozyme) (Adenylosuccinate synthetase, muscle isozyme) (M-type adenylosuccinate synthetase) (IMP--aspartate ligase 1)"
LOC134687007,Membrane-bound transcription factor site-2 protease (EC 3.4.24.85) (Endopeptidase S2P) (Sterol regulatory element-binding proteins intramembrane protease) (SREBPs intramembrane protease)
LOC134728203,"Serine--tRNA ligase, cytoplasmic (EC 6.1.1.11) (Seryl-tRNA synthetase) (SerRS) (Seryl-tRNA(Ser/Sec) synthetase)"
LOC134721377,"Alanine--tRNA ligase, cytoplasmic (EC 6.1.1.7) (Alanyl-tRNA synthetase) (AlaRS) (Renal carcinoma antigen NY-REN-42)"
LOC134715416,Zinc finger RNA-binding protein
LOC134721550,Nuclear hormone receptor family member nhr-48
LOC134687647,Dynein axonemal heavy chain 5 (Axonemal beta dynein heavy chain 5) (Ciliary dynein heavy chain 5)
LOC134721694,Eukaryotic translation initiation factor 2 subunit 2 (Eukaryotic translation initiation factor 2 subunit beta) (eIF2-beta)
LOC134683075,RNA ligase 1 (EC 6.5.1.3) (RNA ligase) (Rnl)
LOC134685124,Nucleosome assembly protein 1-like 1
LOC134721294,Tumor protein p53-inducible nuclear protein 1 (Stress-induced protein) (Thymus-expressed acidic protein) (TEAP) (p53-dependent damage-inducible nuclear protein 1) (p53DINP1)
LOC134686847,Synapse-associated protein 1 (BSD domain-containing signal transducer and Akt interactor protein) (BSTA)
LOC134725611,Leukocyte receptor cluster member 9
LOC134688350,"Heterogeneous nuclear ribonucleoprotein Q (hnRNP Q) (Glycine- and tyrosine-rich RNA-binding protein) (GRY-RBP) (NS1-associated protein 1) (Synaptotagmin-binding, cytoplasmic RNA-interacting protein) (pp68)"
LOC134725982,E3 ubiquitin-protein ligase ZNF598 (EC 2.3.2.27) (Zinc finger protein 598)
LOC134695637,Otoferlin (Fer-1-like protein 2)
LOC134709977,Heat shock protein HSP 90-alpha
LOC134719254,Ras-like GTP-binding protein RHO
LOC134684272,"Serine/arginine-rich splicing factor 7 (Splicing factor 9G8) (Splicing factor, arginine/serine-rich 7)"
LOC134680849,Major vault protein (MVP)
LOC134718672,G patch domain-containing protein 4
LOC134711700,"Serine/arginine-rich splicing factor 4 (Splicing factor, arginine/serine-rich 4)"
LOC134687258,Sestrin-3 (EC 1.11.1.-)
LOC134712883,Importin-5 (Imp5) (Importin subunit beta-3) (Karyopherin beta-3) (Ran-binding protein 5) (RanBP5)
LOC134695835,Tubulin beta-4B chain (Tubulin beta-2C chain)
LOC134725659,Glutamine--fructose-6-phosphate aminotransferase [isomerizing] 2 (EC 2.6.1.16) (D-fructose-6-phosphate amidotransferase 2) (Glutamine:fructose-6-phosphate amidotransferase 2) (GFAT 2) (GFAT2) (Hexosephosphate aminotransferase 2)
LOC134694619,Importin subunit beta-1 (Importin-90) (Karyopherin subunit beta-1) (Nuclear factor p97) (Pore targeting complex 97 kDa subunit) (PTAC97)
LOC134716168,Dynactin subunit 1 (150 kDa dynein-associated polypeptide) (DAP-150) (DP-150) (p135) (p150-glued)
LOC134726510,Eukaryotic peptide chain release factor GTP-binding subunit ERF3A (Eukaryotic peptide chain release factor subunit 3a) (eRF3a) (EC 3.6.5.-) (G1 to S phase transition protein 1 homolog)
LOC134707011,Far upstream element-binding protein 3 (FUSE-binding protein 3)
LOC134721144,Cytochrome P450 10 (EC 1.14.-.-) (CYPX)
LOC134685663,Cytoskeleton-associated protein 5 (Colonic and hepatic tumor overexpressed gene protein) (Ch-TOG)
LOC134699412,Large ribosomal subunit protein eL15 (60S ribosomal protein L15)
LOC134708120,Protein SET (Phosphatase 2A inhibitor I2PP2A) (I-2PP2A) (Template-activating factor I) (TAF-I)
LOC134696347,Tubulin beta chain (Beta-tubulin)
LOC134724954,Cerebellar degeneration-related protein 2
LOC134692595,Protein DEK
LOC134716148,Telomerase protein component 1 (Telomerase-associated protein 1) (Telomerase protein 1) (p240) (p80 telomerase homolog)
LOC134721102,Golgi apparatus protein 1 (CFR-1) (Cysteine-rich fibroblast growth factor receptor) (E-selectin ligand 1) (ESL-1) (Golgi sialoglycoprotein MG-160)
LOC134683634,Syntenin-1 (Scaffold protein Pbp1) (Syndecan-binding protein 1)
LOC134706593,Cytoplasmic 60S subunit biogenesis factor ZNF622 (Zinc finger protein 622)
LOC134695948,High mobility group protein DSP1 (Protein dorsal switch 1)
LOC134714502,Protein PRRC1-A (Proline-rich and coiled-coil-containing protein 1-A)
LOC134719614,Lysine-specific demethylase 5A (EC 1.14.11.67) (Histone demethylase JARID1A) (Jumonji/ARID domain-containing protein 1A) (Retinoblastoma-binding protein 2) (RBBP-2) ([histone H3]-trimethyl-L-lysine(4) demethylase 5A)
LOC134716333,"High affinity cAMP-specific and IBMX-insensitive 3',5'-cyclic phosphodiesterase 8B (HsPDE8B) (EC 3.1.4.53) (Cell proliferation-inducing gene 22 protein)"
LOC134685292,Small ribosomal subunit protein uS17 (40S ribosomal protein S11)
LOC134705709,ELAV-like protein 2 (Protein ElrB)
LOC134686785,ADP-ribosylation factor-like protein 13B (ADP-ribosylation factor-like protein 2-like 1) (ARL2-like protein 1) (Protein hennin)
LOC134685244,U1 small nuclear ribonucleoprotein A (U1 snRNP A) (U1-A) (U1A)
LOC134693655,Eukaryotic translation initiation factor 5A-2 (eIF-5A-2) (eIF-5A2) (Eukaryotic initiation factor 5A isoform 2) (eIF-4D)
LOC134721489,UDP-galactose translocator (Solute carrier family 35 member A2) (UDP-galactose transporter) (UDP-Gal-Tr) (UGT)
LOC134722163,Sodium/potassium-transporting ATPase subunit alpha (Na(+)/K(+) ATPase alpha subunit) (EC 7.2.2.13) (Sodium pump subunit alpha) (TNaK1-alpha)
LOC134686666,Serine/threonine-protein kinase pim-3 (EC 2.7.11.1) (qpim)
LOC134708154,"ER degradation-enhancing alpha-mannosidase-like protein 3 (EC 3.2.1.113) (Alpha-1,2-mannosidase EDEM3)"
LOC134706701,Apoptosis regulator R1 (XR1)
LOC134686501,Histone deacetylase 1 (HD1) (EC 3.5.1.98)
LOC134690748,T-complex protein 1 subunit alpha (TCP-1-alpha) (CCT-alpha) (Chaperonin containing T-complex polypeptide 1 subunit 1)
LOC134685188,Histone acetyltransferase type B catalytic subunit (EC 2.3.1.48) (Histone acetyltransferase 1)
LOC134710931,Sodium/calcium exchanger 3 (Na(+)/Ca(2+)-exchange protein 3) (Solute carrier family 8 member 3)
LOC134682520,Tubulin beta-2 chain (Beta-tubulin class-II)
LOC134680850,Major vault protein (MVP)
LOC134707690,Bromodomain-containing protein 2
LOC134695945,Eukaryotic translation initiation factor 3 subunit F (eIF3f) (Deubiquitinating enzyme eIF3f) (EC 3.4.19.12) (Eukaryotic translation initiation factor 3 subunit 5) (eIF-3-epsilon) (eIF3 p47)
LOC134707406,Cyclic AMP-dependent transcription factor ATF-2 (cAMP-dependent transcription factor ATF-2) (Activating transcription factor 2) (Cyclic AMP-responsive element-binding protein 2) (CREB-2) (cAMP-responsive element-binding protein 2) (HB16) (cAMP response element-binding protein CRE-BP1)
LOC134711529,Protein sprint (SH2 poly-proline-containing Ras-interactor protein)
LOC134714648,Lateral signaling target protein 2 homolog (Zinc finger FYVE domain-containing protein 28)
LOC134721056,Sodium- and chloride-dependent glycine transporter 2 (GlyT-2) (GlyT2) (xGlyT2) (Solute carrier family 6 member 5)
LOC134695234,Minor histocompatibility antigen H13 (EC 3.4.23.-) (Presenilin-like protein 3) (Signal peptide peptidase)
LOC134724883,Tubulin alpha-1 chain (EC 3.6.5.-)
LOC134714500,Uncharacterized protein C18H10.09
LOC134686811,CCR4-NOT transcription complex subunit 2 (CCR4-associated factor 2)
LOC134714691,Protein KRTCAP2 homolog (Dolichyl-diphosphooligosaccharide--protein glycosyltransferase subunit KCP2) (Oligosaccharyl transferase subunit KCP2)
LOC134724884,Tubulin alpha-1 chain (EC 3.6.5.-)
LOC134687111,"Splicing factor, proline- and glutamine-rich (DNA-binding p52/p100 complex, 100 kDa subunit) (Polypyrimidine tract-binding protein-associated-splicing factor) (PSF) (PTB-associated-splicing factor)"
LOC134688288,"ATP-dependent RNA helicase DEAH12, chloroplastic (EC 3.6.4.13)"
LOC134721274,Zinc finger CCCH domain-containing protein 18
LOC134695949,High mobility group protein DSP1 (Protein dorsal switch 1)
LOC134706976,"Serine/arginine-rich splicing factor 12 (35 kDa SR repressor protein) (SRrp35) (Splicing factor, arginine/serine-rich 13B) (Splicing factor, arginine/serine-rich 19)"
LOC134684271,"Serine/arginine-rich splicing factor 7 (Splicing factor 9G8) (Splicing factor, arginine/serine-rich 7)"
LOC134722222,CCAAT/enhancer-binding protein gamma (C/EBP gamma) (Granulocyte colony-stimulating factor promoter element 1-binding protein) (GPE1-BP) (GPE1-binding protein) (Immunoglobulin enhancer-binding protein 1) (IG/EBP-1)
LOC134708172,Zonadhesin
LOC134695854,Tubulin beta-4B chain (Tubulin beta-2C chain)
LOC134707301,Solute carrier family 35 member B1 (Endoplasmic reticulum nucleotide sugar transporter 1)
LOC134714862,"ATP-dependent Clp protease ATP-binding subunit clpX-like, mitochondrial"
LOC134714625,E3 ubiquitin-protein ligase arih1 (EC 2.3.2.31) (Protein ariadne-1 homolog) (ARI-1)
LOC134696261,Transcription factor BTF3 homolog 4 (Basic transcription factor 3-like 4)
LOC134721871,DNA ligase (EC 6.5.1.1) (Polydeoxyribonucleotide synthase [ATP])
LOC134684209,DnaJ homolog subfamily C member 14
LOC134725878,FAD-dependent oxidoreductase domain-containing protein 2
LOC134710092,UBX domain-containing protein 1 (SAPK substrate protein 1)
LOC134724522,GTP-binding protein 1
LOC134721619,Bactericidal permeability-increasing protein (BPI) (Lipopolysaccharide-binding protein) (LBP)
LOC134680973,Collagen alpha-6(VI) chain
LOC134721348,GPI transamidase component PIG-T (Phosphatidylinositol-glycan biosynthesis class T protein)
LOC134685599,Metal cation symporter ZIP14 (Solute carrier family 39 member 14) (Zrt- and Irt-like protein 14) (ZIP-14)
LOC134708256,Ras-related protein Rab-14 (EC 3.6.5.2)
LOC134712565,Tubulin beta chain (Beta-tubulin)
LOC134728254,Stalled ribosome sensor GCN1 (GCN1 eIF-2-alpha kinase activator homolog) (GCN1-like protein 1) (General control of amino-acid synthesis 1-like protein 1) (Translational activator GCN1)
LOC134695436,"DNA topoisomerase 2-alpha (EC 5.6.2.2) (DNA topoisomerase II, alpha isozyme)"
LOC134715973,Large neutral amino acids transporter small subunit 2 (L-type amino acid transporter 2) (Solute carrier family 7 member 8)
LOC134693464,"Alanine--glyoxylate aminotransferase (AGT) (EC 2.6.1.44) (Serine--pyruvate aminotransferase, mitochondrial) (SPT) (EC 2.6.1.51)"
LOC134696497,Sodium- and chloride-dependent glycine transporter 2 (GlyT-2) (GlyT2) (Solute carrier family 6 member 5)
LOC134692127,"Cytochrome c oxidase subunit 4 isoform 1, mitochondrial (Cytochrome c oxidase polypeptide IV) (Cytochrome c oxidase subunit IV isoform 1) (COX IV-1)"
LOC134716384,ACDC (Byssal EP-like protein 1) (EP-protein-1)
LOC134720772,Adenosylhomocysteinase B (AdoHcyase B) (EC 3.13.2.1) (S-adenosyl-L-homocysteine hydrolase B)
LOC134691273,Insulin receptor substrate 1-B (IRS1-B) (xIRS-1-B) (XIRS-L')
LOC134701490,Kinesin-like protein KIF28P (Kinesin-like protein 6)
LOC134725552,Histone H3.3
LOC134717897,"Enoyl-CoA hydratase domain-containing protein 2, mitochondrial"
LOC134694047,Innexin unc-9 (Uncoordinated protein 9)
LOC134706722,Microtubule-associated protein 2 (MAP-2)
LOC134724563,"Acyl carrier protein, mitochondrial (ACP) (NADH-ubiquinone oxidoreductase 9.6 kDa subunit)"
LOC134715079,Myocyte-specific enhancer factor 2A
LOC134687173,Unconventional myosin-VI (Unconventional myosin-6)
LOC134682905,Profilin
LOC134728247,Ribosomal protein S6 kinase beta-1 (S6K-beta-1) (S6K1) (EC 2.7.11.1) (70 kDa ribosomal protein S6 kinase 1) (P70S6K1) (p70-S6K 1) (Ribosomal protein S6 kinase I) (S6K) (p70 ribosomal S6 kinase alpha) (p70 S6 kinase alpha) (p70 S6K-alpha) (p70 S6KA)
LOC134695169,Pleckstrin homology domain-containing family A member 8 (PH domain-containing family A member 8)
LOC134711990,Calmodulin-2 (CaM 2)
LOC134696445,Arfaptin-2 (ADP-ribosylation factor-interacting protein 2) (Partner of RAC1) (POR1)
LOC134727011,Metallothionein 10-IV (MT-10-IV)
LOC134691600,Golgi-associated plant pathogenesis-related protein 1 (GAPR-1) (Golgi-associated PR-1 protein) (Glioma pathogenesis-related protein 2) (GliPR 2)
LOC134683182,Transcription factor Sox-6
LOC134685540,Transcription factor ETV6
LOC134685322,Cysteine and glycine-rich protein 2 (Cysteine-rich protein 2) (CRP2)
LOC134708353,Heat shock cognate 71 kDa protein (EC 3.6.4.10) (Heat shock 70 kDa protein 8)
LOC134718822,Syntaxin
LOC134684257,"Peptidyl-prolyl cis-trans isomerase FKBP4 (PPIase FKBP4) (EC 5.2.1.8) (52 kDa FK506-binding protein) (52 kDa FKBP) (FKBP-52) (FK506-binding protein 4) (FKBP-4) (HSP-binding immunophilin) (HBI) (Immunophilin FKBP52) (Rotamase) [Cleaved into: Peptidyl-prolyl cis-trans isomerase FKBP4, N-terminally processed]"
LOC134723522,Zonadhesin
LOC134687277,Blastula protease 10 (EC 3.4.24.-)
LOC134707932,Uricase (EC 1.7.3.3) (Urate oxidase)
LOC134691069,Proteasome inhibitor PI31 subunit
LOC134685672,Buccalin [Cleaved into: Buccalin-D; Buccalin-E; Buccalin-F; Buccalin-G; Buccalin-H; Buccalin-A; Buccalin-I; Buccalin-J; Buccalin-K; Buccalin-L; Buccalin-B (BUCb); Buccalin-M; Buccalin gene-predicted acidic peptide A (BGPAP A); Buccalin-N; Buccalin-O; Buccalin-P; Buccalin-Q; Buccalin-R; Buccalin-C; Buccalin-S; Buccalin gene-predicted acidic peptide B (BGPAP B)]
LOC134710174,Centromere protein F (CENP-F) (AH antigen) (Kinetochore protein CENPF) (Mitosin)
LOC134706394,Protein disulfide-isomerase A4 (EC 5.3.4.1) (Endoplasmic reticulum resident protein 70) (ER protein 70) (ERp70) (Endoplasmic reticulum resident protein 72) (ER protein 72) (ERp-72) (ERp72)
LOC134685661,Ras-related protein Rab-10 (ORA1)
LOC134681010,Endoplasmic reticulum resident protein 29 (ERp29)
LOC134724874,Eukaryotic translation initiation factor 3 subunit D (eIF3d) (Eukaryotic translation initiation factor 3 subunit 7)
LOC134722108,Collagen alpha-1(XXI) chain
LOC134694951,Acyl-CoA 6-desaturase (EC 1.14.19.3) (Delta(6) fatty acid desaturase) (D6D) (Delta(6) desaturase) (Delta-6 desaturase) (Fatty acid desaturase 2)
LOC134721279,Beta-catenin-like protein 1 (Nuclear-associated protein) (NAP) (p14)
LOC134686747,Headcase protein homolog (hHDC)
LOC134691568,Fibulin-2 (FIBL-2)
LOC134712824,Serine/threonine-protein kinase 24 (EC 2.7.11.1) (Mammalian STE20-like protein kinase 3) (MST-3) (STE20-like kinase MST3) [Cleaved into: Serine/threonine-protein kinase 24 36 kDa subunit (Mammalian STE20-like protein kinase 3 N-terminal) (MST3/N); Serine/threonine-protein kinase 24 12 kDa subunit (Mammalian STE20-like protein kinase 3 C-terminal) (MST3/C)]
LOC134708229,Low-density lipoprotein receptor-related protein 4 (LRP-4) (Multiple epidermal growth factor-like domains 7)
LOC134726516,Mannose-1-phosphate guanyltransferase beta (EC 2.7.7.13) (GDP-mannose pyrophosphorylase B) (GTP-mannose-1-phosphate guanylyltransferase beta)
LOC134715828,Proliferation marker protein Ki-67 (Antigen identified by monoclonal antibody Ki-67 homolog) (Antigen KI-67 homolog) (Antigen Ki67 homolog)
LOC134708520,Tyramine beta-hydroxylase (EC 1.14.17.-) (Tyramine beta-monooxygenase) (TbetaM)
LOC134717428,Translocon-associated protein subunit delta (TRAP-delta) (Signal sequence receptor subunit delta) (SSR-delta)
LOC134715513,Equilibrative nucleobase transporter 1 (Protein FOAP-13) (Solute carrier family 43 member 3)
LOC134716186,Eukaryotic translation initiation factor 3 subunit A (eIF3a) (Eukaryotic translation initiation factor 3 subunit 10) (eIF-3-theta)
LOC134711721,Homeobox protein prospero
LOC134695253,Collagen alpha-3(VI) chain
LOC134707467,Dual oxidase 1 (EC 1.11.1.-) (EC 1.6.3.1)
LOC134711803,Transmembrane 9 superfamily member 2 (p76)
LOC134708277,Surfeit locus protein 4
LOC134728171,Frizzled-1 (Fz-1) (Xfz1)
LOC134681291,ATPase MORC2A (EC 3.6.1.-) (MORC family CW-type zinc finger protein 2A) (Zinc finger CW-type coiled-coil domain protein 1)
LOC134716099,E3 ubiquitin-protein transferase MAEA (EC 2.3.2.27) (Macrophage erythroblast attacher)
LOC134691537,Fibrinogen-like protein A (FREP-A)
LOC134717060,RAF-like serine/threonine-protein kinase PRAF (EC 2.7.11.1) (Protein PHOTOSYNTHESIS-RELATED RAF) (MpPRAF)
LOC134699739,Neurabin-2 (Neurabin-II) (Protein phosphatase 1 regulatory subunit 9B) (Spinophilin)
LOC134725683,Cysteine-rich with EGF-like domain protein 2
LOC134725546,Transmembrane channel-like protein 5
LOC134716146,Spermine oxidase (EC 1.5.3.16) (Polyamine oxidase 1) (PAO-1) (PAOh1)
LOC134721732,Protein NDRG3 (N-myc downstream-regulated gene 3 protein)
LOC134725572,Unconventional myosin-XV (Unconventional myosin-15)
LOC134692961,Putative ferric-chelate reductase 1 (EC 1.-.-.-)
LOC134715733,"Inactive tyrosine-protein kinase transmembrane receptor ROR1 (mROR1) (Neurotrophic tyrosine kinase, receptor-related 1)"
LOC134691111,Acireductone dioxygenase (Acireductone dioxygenase (Fe(2+)-requiring)) (ARD') (Fe-ARD) (EC 1.13.11.54) (Acireductone dioxygenase (Ni(2+)-requiring)) (ARD) (Ni-ARD) (EC 1.13.11.53)
LOC134715482,Tubulin-specific chaperone A (TCP1-chaperonin cofactor A) (Tubulin-folding cofactor A) (CFA)
LOC134725543,Ubiquitin-conjugating enzyme E2-17 kDa (EC 2.3.2.23) (E2 ubiquitin-conjugating enzyme D1) (Protein effete) (Ubiquitin carrier protein) (Ubiquitin-protein ligase)
LOC134711361,GRIP and coiled-coil domain-containing protein 1 (Golgi coiled-coil protein 1)
LOC134687143,Soma ferritin (EC 1.16.3.1)
LOC134711634,Ras guanyl-releasing protein 3 (Calcium and DAG-regulated guanine nucleotide exchange factor III) (Guanine nucleotide exchange factor for Rap1)
LOC134690734,Transketolase-like protein 2 (EC 2.2.1.1)
LOC134683070,Lactadherin (MFGM) (Milk fat globule-EGF factor 8) (MFG-E8) (SED1) (Sperm surface protein SP47) (PP47)
LOC134714852,La-related protein 6 (Acheron) (Achn) (La ribonucleoprotein domain family member 6)
LOC134725354,Adenosine kinase (AK) (EC 2.7.1.20) (Adenosine 5'-phosphotransferase)
LOC134724197,Constitutive coactivator of PPAR-gamma-like protein 1 (Oxidative stress-associated SRC activator) (Protein FAM120A)
LOC134707337,70 kDa neurofilament protein (NF70)
LOC134718515,Acidic leucine-rich nuclear phosphoprotein 32 family member A
LOC134715081,Myocyte-specific enhancer factor 2C
LOC134693429,Vigilin (High density lipoprotein-binding protein) (HDL-binding protein)
LOC134721999,Transforming growth factor-beta-induced protein ig-h3 (Beta ig-h3)
LOC134725846,Protein singed
LOC134700846,Cytosolic 5'-nucleotidase 3A (EC 3.1.3.5) (7-methylguanosine phosphate-specific 5'-nucleotidase) (7-methylguanosine nucleotidase) (EC 3.1.3.91) (Cytosolic 5'-nucleotidase 3) (Cytosolic 5'-nucleotidase III) (cN-III) (Pyrimidine 5'-nucleotidase 1) (P5'N-1) (P5N-1) (PN-I)
LOC134696238,Protein HGV2
LOC134708586,Dolichyl-diphosphooligosaccharide--protein glycosyltransferase subunit STT3B (Oligosaccharyl transferase subunit STT3B) (STT3-B) (EC 2.4.99.18) (Source of immunodominant MHC-associated peptides homolog)
LOC134683122,TNF receptor-associated factor 6 (EC 2.3.2.27) (E3 ubiquitin-protein ligase TRAF6) (RING-type E3 ubiquitin transferase TRAF6)
LOC134688189,Ras-related protein Rab-23
LOC134692100,ACDC (Byssal EP-like protein 1) (EP-protein-1)
LOC134697395,V-type proton ATPase 16 kDa proteolipid subunit c (V-ATPase 16 kDa proteolipid subunit c) (Vacuolar proton pump 16 kDa proteolipid subunit c)
LOC134691331,Aspartyl/asparaginyl beta-hydroxylase (EC 1.14.11.16) (Aspartate beta-hydroxylase) (ASP beta-hydroxylase) (Peptide-aspartate beta-dioxygenase)
LOC134682955,Endoplasmin (94 kDa glucose-regulated protein) (GRP-94) (Heat shock protein 90 kDa beta member 1)
LOC134700398,Single-stranded DNA-binding protein 3 (Sequence-specific single-stranded-DNA-binding protein)
LOC134680997,Golgin subfamily A member 3 (Golgin-160) (Male-enhanced antigen 2) (MEA-2)
LOC134695915,Ceramide phosphoethanolamine synthase (CPE synthase) (EC 2.7.8.48)
LOC134686986,Staphylococcal nuclease domain-containing protein 1 (EC 3.1.31.1) (100 kDa coactivator) (p100 co-activator)
LOC134711058,YLP motif-containing protein 1 (Nuclear protein ZAP3)
LOC134712263,"Actin, cytoplasmic (EC 3.6.4.-) [Cleaved into: Actin, cytoplasmic, intermediate form]"
LOC134706753,Argininosuccinate synthase (EC 6.3.4.5) (Citrulline--aspartate ligase)
LOC134686831,Cytochrome b-245 heavy chain (EC 1.-.-.-) (CGD91-phox) (Cytochrome b(558) subunit beta) (Cytochrome b558 subunit beta) (Heme-binding membrane glycoprotein gp91phox) (Neutrophil cytochrome b 91 kDa polypeptide) (gp91-1) (gp91-phox) (p22 phagocyte B-cytochrome)
LOC134685157,Transcription initiation factor TFIID subunit 8 (TBP-associated factor 8)
LOC134710394,32 kDa beta-galactoside-binding lectin (32 kDa GBP)
LOC134728257,Malectin-A
LOC134707173,ATP-dependent zinc metalloprotease YME1L (EC 3.4.24.-) (YME1-like ATPase)
LOC134686981,Ras-related protein Rab-21
LOC134708054,Eukaryotic translation initiation factor 4B (eIF-4B)
LOC134720973,Heat shock factor-binding protein 1 (Nasopharyngeal carcinoma-associated antigen 13) (NPC-A-13)
LOC134708517,Tyramine beta-hydroxylase (EC 1.14.17.-) (Tyramine beta-monooxygenase) (TbetaM)
LOC134711592,UDP-glucose:glycoprotein glucosyltransferase 1 (UGT1) (EC 2.4.1.-) (UDP--Glc:glycoprotein glucosyltransferase) (UDP-glucose ceramide glucosyltransferase-like 1)
LOC134681027,Clathrin heavy chain 1
LOC134710725,ADP-ribose glycohydrolase MACROD2 (MACRO domain-containing protein 2) (O-acetyl-ADP-ribose deacetylase MACROD2) (EC 3.5.1.-) ([Protein ADP-ribosylaspartate] hydrolase MACROD2) (EC 3.2.2.-) ([Protein ADP-ribosylglutamate] hydrolase MACROD2) (EC 3.2.2.-)
LOC134725966,S-adenosylmethionine synthase isoform type-2 (AdoMet synthase 2) (EC 2.5.1.6) (Methionine adenosyltransferase 2) (MAT 2)
LOC134715335,Chitin synthase chs-2 (EC 2.4.1.16) (Chitin-UDP acetyl-glucosaminyl transferase chs-2)
LOC134714819,Sodium/calcium exchanger Calx (Na/Ca-exchange protein)
LOC134716385,ACDC (Byssal EP-like protein 1) (EP-protein-1)
LOC134720998,Sortilin-related receptor (Gp250) (Low-density lipoprotein receptor relative with 11 ligand-binding repeats) (LDLR relative with 11 ligand-binding repeats) (LR11) (SorLA-1) (Sorting protein-related receptor containing LDLR class A repeats) (mSorLA)
LOC134688313,Excitatory amino acid transporter 2 (GLT-1) (Sodium-dependent glutamate/aspartate transporter 2) (Solute carrier family 1 member 2)
LOC134707130,Calaxin (EF-hand calcium-binding domain-containing protein 1)
LOC134715472,"ATP-dependent Clp protease proteolytic subunit, mitochondrial (EC 3.4.21.92) (Endopeptidase Clp)"
LOC134688085,Ultraviolet-B receptor UVR8 (Protein UV-B RESISTANCE 8) (RCC1 domain-containing protein UVR8)
LOC134711994,Calmodulin
LOC134720932,Byssal peroxidase-like protein 2
LOC134725929,Cadherin-99C
LOC134721315,Glutathione S-transferase Mu 4 (EC 2.5.1.18) (GST class-mu 4) (GSTM4-4) (Glutathione transferase GSTM7-7) (Leukotriene C4 synthase GSTM4) (EC 4.4.1.20)
LOC134716149,Mini-chromosome maintenance complex-binding protein (MCM-BP) (MCM-binding protein)
LOC134706117,Mucin-like protein
LOC134718752,"Band 4.1-like protein 3 (4.1B) (Differentially expressed in adenocarcinoma of the lung protein 1) (DAL-1) (DAL1P) (mDAL-1) (Erythrocyte membrane protein band 4.1-like 3) [Cleaved into: Band 4.1-like protein 3, N-terminally processed]"
LOC134687436,Calreticulin (CRP55) (Calregulin) (Endoplasmic reticulum resident protein 60) (ERp60) (HACBP)
LOC134690801,Protein transport protein Sec61 subunit alpha isoform 2 (Sec61 alpha-2)
LOC134711825,Phospholipid-transporting ATPase IF (EC 7.6.2.1) (ATPase IR) (ATPase class VI type 11B) (P4-ATPase flippase complex alpha subunit ATP11B)
LOC134715685,Protein disulfide-isomerase A3 (EC 5.3.4.1) (Endoplasmic reticulum resident protein 57) (ER protein 57) (ERp57) (Glucose-regulated thiol oxidoreductase 58 kDa protein)
LOC134688291,SWI/SNF-related matrix-associated actin-dependent regulator of chromatin subfamily E member 1 (BRG1-associated factor 57) (BAF57)
LOC134701377,Peptidyl-prolyl cis-trans isomerase FKBP2 (PPIase FKBP2) (EC 5.2.1.8) (13 kDa FK506-binding protein) (13 kDa FKBP) (FKBP-13) (FK506-binding protein 2) (FKBP-2) (Immunophilin FKBP13) (Rotamase)
LOC134680881,BolA-like protein 2
LOC134712115,rRNA-processing protein FCF1 homolog
LOC134689809,MAM and LDL-receptor class A domain-containing protein 2 (Skeletal organic matrix MAM and LDL-receptor 2) (SOM MAM and LDL-receptor 2)
LOC134725806,Neurogenic locus notch homolog protein 1 (Notch 1) [Cleaved into: Notch 1 extracellular truncation (NEXT); Notch 1 intracellular domain (NICD)]
LOC134699977,Elongation factor 1-alpha (EF-1-alpha) (EC 3.6.5.-)
LOC134722192,Inactive pancreatic lipase-related protein 1 (PL-RP1)
LOC134715618,Negative elongation factor A
LOC134706383,Histone deacetylase 11 (HD11) (EC 3.5.1.98)
LOC134715146,Elongation factor 2 (EF-2) (EC 3.6.5.-)
LOC134715279,High mobility group protein B1 (Amphoterin) (Heparin-binding protein p30) (High mobility group protein 1) (HMG-1)
LOC134691060,Methenyltetrahydrofolate synthase domain-containing protein
LOC134685570,Hillarin (D-Hillarin) (D-hil)
LOC134697183,UDP-N-acetylglucosamine transferase subunit ALG13 (EC 2.4.1.141) (Asparagine-linked glycosylation 13 homolog) (Glycosyltransferase 28 domain-containing protein 1)
LOC134685658,Large ribosomal subunit protein eL32 (60S ribosomal protein L32)
LOC134704886,Tenascin-X (TN-X) (Hexabrachion-like protein)
LOC134707022,Failed axon connections homolog
LOC134721267,Translocon-associated protein subunit alpha (TRAP-alpha) (Signal sequence receptor subunit alpha) (SSR-alpha)
LOC134680859,Protein PIF [Cleaved into: Protein Pif97; Protein Pif80 (Aragonite-binding protein)]
LOC134681433,VWFA and cache domain-containing protein 1 (Cache domain-containing protein 1)
LOC134725735,Histone H2A.Z (H2A/z)
LOC134706365,ADP-ribosylation factor 2
LOC134703116,Cytochrome c oxidase subunit 3 (EC 7.1.1.9) (Cytochrome c oxidase polypeptide III)
LOC134687455,"ATP synthase subunit O, mitochondrial (ATP synthase peripheral stalk subunit OSCP) (Oligomycin sensitivity conferral protein) (OSCP)"
LOC134695228,Supervillin (Archvillin) (p205/p250)
LOC134721116,Regulation of nuclear pre-mRNA domain-containing protein 1B (Cell cycle-related and expression-elevated protein in tumor)
LOC134702634,Cytochrome c oxidase subunit 2 (EC 7.1.1.9) (Cytochrome c oxidase polypeptide II)
LOC134716100,C-terminal-binding protein (CtBP protein) (dCtBP)
LOC134702687,NADH-ubiquinone oxidoreductase chain 6 (EC 7.1.1.2) (NADH dehydrogenase subunit 6)
LOC134687154,Trithorax group protein osa (Protein eyelid)
LOC134692709,Transmembrane protein 185B (Protein FAM11B)
LOC134685125,ATP-dependent RNA helicase dhx29 (EC 3.6.4.13) (DEAH box protein 29)
LOC134695001,DnaJ homolog subfamily B member 11 (APOBEC1-binding protein 2) (ABBP-2) (ER-associated DNAJ) (ER-associated Hsp40 co-chaperone) (Endoplasmic reticulum DNA J domain-containing protein 3) (ER-resident protein ERdj3) (ERdj3) (ERj3p)
LOC134704382,NADH-ubiquinone oxidoreductase chain 6 (EC 7.1.1.2) (NADH dehydrogenase subunit 6)
LOC134716539,Apolipoprotein(a) (Apo(a)) (Lp(a)) (EC 3.4.21.-)
LOC134702911,NADH-ubiquinone oxidoreductase chain 6 (EC 7.1.1.2) (NADH dehydrogenase subunit 6)
LOC134722399,Kinesin-like protein KIFC3
LOC134703471,Cytochrome c oxidase subunit 3 (EC 7.1.1.9) (Cytochrome c oxidase polypeptide III)
LOC134703146,NADH-ubiquinone oxidoreductase chain 2 (EC 7.1.1.2) (NADH dehydrogenase subunit 2)
LOC134703118,NADH-ubiquinone oxidoreductase chain 2 (EC 7.1.1.2) (NADH dehydrogenase subunit 2)
LOC134701947,Sin3 histone deacetylase corepressor complex component SDS3 (Suppressor of defective silencing 3 protein homolog)
LOC134690993,Protein SSUH2 homolog (Protein ssu-2 homolog)
LOC134718475,Cholinesterase (EC 3.1.1.8) (Acylcholine acylhydrolase) (Butyrylcholine esterase) (Choline esterase II) (EQ-BCHE) (Pseudocholinesterase)
LOC134702999,Cytochrome c oxidase subunit 3 (EC 7.1.1.9) (Cytochrome c oxidase polypeptide III)
LOC134721944,Titin (EC 2.7.11.1) (Connectin)
LOC134705579,"Pikachurin (EGF-like, fibronectin type-III and laminin G-like domain-containing protein)"
LOC134704253,Cytochrome c oxidase subunit 3 (EC 7.1.1.9) (Cytochrome c oxidase polypeptide III)
LOC134707971,Tyramine beta-hydroxylase (EC 1.14.17.-) (Tyramine beta-monooxygenase) (TbetaM)
LOC134684656,Probable transmembrane reductase CYB561D1 (EC 7.2.1.3) (Cytochrome b561 domain-containing protein 1)
LOC134710954,Caveolin-1
LOC134704275,Cytochrome c oxidase subunit 2 (EC 7.1.1.9) (Cytochrome c oxidase polypeptide II)
LOC134723111,mRNA cap guanine-N7 methyltransferase (EC 2.1.1.56) (RG7MT1) (mRNA (guanine-N(7))-methyltransferase) (mRNA cap methyltransferase) (hCMT1) (hMet) (hcm1p)
LOC134695638,Sodium/glucose cotransporter 4 (Na(+)/glucose cotransporter 4) (Solute carrier family 5 member 9)
LOC134724914,Suppressor of SWI4 1 homolog (Ssf-1) (Peter Pan homolog)
LOC134708127,Crystallin J1A
LOC134703446,NADH-ubiquinone oxidoreductase chain 6 (EC 7.1.1.2) (NADH dehydrogenase subunit 6)
LOC134703421,Cytochrome c oxidase subunit 2 (EC 7.1.1.9) (Cytochrome c oxidase polypeptide II)
LOC134703434,ATP synthase subunit a (F-ATPase protein 6)
LOC134709958,Protein TIS11 (dTIS11)
LOC134681012,Apoptosis-inducing factor 3 (EC 1.-.-.-) (Apoptosis-inducing factor-like protein)
LOC134702766,NADH-ubiquinone oxidoreductase chain 6 (EC 7.1.1.2) (NADH dehydrogenase subunit 6)
LOC134698935,Glutathione S-transferase kappa 1 (EC 2.5.1.18) (GST 13-13) (GST class-kappa) (GSTK1-1) (hGSTK1) (Glutathione S-transferase subunit 13)
LOC134715917,3'-5' exoribonuclease 1 (EC 3.1.-.-) (Histone mRNA 3'-exonuclease 1)
LOC134703489,Cytochrome c oxidase subunit 3 (EC 7.1.1.9) (Cytochrome c oxidase polypeptide III)
LOC134695419,Dystonin (Bullous pemphigoid antigen 1) (BPA) (Dystonia musculorum protein) (Hemidesmosomal plaque protein) (Microtubule actin cross-linking factor 2)
LOC134710997,"Peroxiredoxin-5, mitochondrial (EC 1.11.1.24) (Alu corepressor 1) (Antioxidant enzyme B166) (AOEB166) (Liver tissue 2D-page spot 71B) (PLP) (Peroxiredoxin V) (Prx-V) (Peroxisomal antioxidant enzyme) (TPx type VI) (Thioredoxin peroxidase PMP20) (Thioredoxin-dependent peroxiredoxin 5)"
LOC134711899,Ectonucleoside triphosphate diphosphohydrolase 1 (EC 3.6.1.5) (ATP diphosphohydrolase) (ATP-DPH) (ATPDase) (Ecto-ATP diphosphohydrolase 1) (Ecto-ATPDase 1) (Ecto-ATPase 1) (Ecto-apyrase) (Lymphoid cell activation antigen) (Nucleoside triphosphate diphosphohydrolase 1) (NTPDase1) (CD antigen CD39) [Cleaved into: Ectonucleoside triphosphate diphosphohydrolase 1 27 kDa subunit; Ectonucleoside triphosphate diphosphohydrolase 1 54 kDa subunit]
LOC134725483,Glutamyl aminopeptidase (EAP) (EC 3.4.11.7) (Aminopeptidase A) (AP-A) (CD antigen CD249)
LOC134695717,Copper-transporting ATPase 1 (EC 7.2.2.8) (Copper pump 1) (Menkes disease-associated protein homolog)
LOC134722020,NEDD4-like E3 ubiquitin-protein ligase WWP1 (EC 2.3.2.26) (HECT-type E3 ubiquitin transferase WWP1) (WW domain-containing protein 1)
LOC134692413,Exosome complex component 10 (EC 3.1.13.-)
LOC134711993,Calmodulin (CaM)
LOC134704394,Cytochrome b (Complex III subunit 3) (Complex III subunit III) (Cytochrome b-c1 complex subunit 3) (Ubiquinol-cytochrome-c reductase complex cytochrome b subunit)
LOC134703109,NADH-ubiquinone oxidoreductase chain 6 (EC 7.1.1.2) (NADH dehydrogenase subunit 6)
LOC134703422,Cytochrome b (Complex III subunit 3) (Complex III subunit III) (Cytochrome b-c1 complex subunit 3) (Ubiquinol-cytochrome-c reductase complex cytochrome b subunit)
LOC134711978,"Voltage-dependent L-type calcium channel subunit alpha-1C (Calcium channel, L type, alpha-1 polypeptide, isoform 1, cardiac muscle) (MELC-CC) (Mouse brain class C) (MBC) (Voltage-gated calcium channel subunit alpha Cav1.2)"
LOC134697056,Carbonyl reductase [NADPH] 3 (EC 1.1.1.184) (Monomeric carbonyl reductase 3) (Quinone reductase CBR3) (EC 1.6.5.10)
LOC134706590,Actin-related protein 2/3 complex subunit 2 (Arp2/3 complex 34 kDa subunit) (p34-ARC)
LOC134707329,Monocarboxylate transporter 12 (MCT 12) (Creatine transporter 2) (CRT2) (Solute carrier family 16 member 12)
LOC134724504,Leukocyte receptor cluster member 9
LOC134680615,Actin-related protein 2/3 complex subunit 3-A
LOC134702905,Cytochrome b (Complex III subunit 3) (Complex III subunit III) (Cytochrome b-c1 complex subunit 3) (Ubiquinol-cytochrome-c reductase complex cytochrome b subunit)
LOC134715613,Transmembrane protein 127
LOC134697055,B-box type zinc finger protein ncl-1
LOC134704060,Cytochrome c oxidase subunit 2 (EC 7.1.1.9) (Cytochrome c oxidase polypeptide II)
LOC134686718,"Solute carrier family 25 member 3 (Phosphate carrier protein, mitochondrial) (Phosphate transport protein) (PTP)"
LOC134706572,Elongation factor 1-beta (EF-1-beta)
LOC134702633,Cytochrome b (Complex III subunit 3) (Complex III subunit III) (Cytochrome b-c1 complex subunit 3) (Ubiquinol-cytochrome-c reductase complex cytochrome b subunit)
LOC134703311,NADH-ubiquinone oxidoreductase chain 6 (EC 7.1.1.2) (NADH dehydrogenase subunit 6)
LOC134703084,NADH-ubiquinone oxidoreductase chain 6 (EC 7.1.1.2) (NADH dehydrogenase subunit 6)
LOC134711276,Dynein light chain Tctex-type 5 (Tctex1 domain-containing protein 1)
LOC134725446,N6-adenosine-methyltransferase non-catalytic subunit (Methyltransferase-like protein 14)
LOC134720709,Intraflagellar transport protein 46 homolog
LOC134692861,EF-hand domain-containing protein D2 (Swiprosin-1)
LOC134697256,Mechanosensory protein 2
LOC134703961,Cytochrome b (Complex III subunit 3) (Complex III subunit III) (Cytochrome b-c1 complex subunit 3) (Ubiquinol-cytochrome-c reductase complex cytochrome b subunit)
LOC134712860,26S proteasome non-ATPase regulatory subunit 1 (26S proteasome regulatory subunit RPN2) (26S proteasome regulatory subunit S1)
LOC134720601,"Succinate-semialdehyde dehydrogenase, mitochondrial (SSADH) (EC 1.2.1.24) (Aldehyde dehydrogenase family 5 member A1) (NAD(+)-dependent succinic semialdehyde dehydrogenase)"
LOC134720684,"ATP-dependent DNA helicase Q4 (EC 5.6.2.4) (DNA 3'-5' helicase RecQ4) (DNA helicase, RecQ-like type 4) (RecQ4) (RTS) (RecQ protein-like 4)"
LOC134703470,NADH-ubiquinone oxidoreductase chain 6 (EC 7.1.1.2) (NADH dehydrogenase subunit 6)
LOC134703824,Cytochrome b (Complex III subunit 3) (Complex III subunit III) (Cytochrome b-c1 complex subunit 3) (Ubiquinol-cytochrome-c reductase complex cytochrome b subunit)
LOC134703103,Cytochrome b (Complex III subunit 3) (Complex III subunit III) (Cytochrome b-c1 complex subunit 3) (Ubiquinol-cytochrome-c reductase complex cytochrome b subunit)
LOC134691221,Glutathione S-transferase A (GST-A) (EC 2.5.1.18) (GST class-theta)
LOC134707567,Casein kinase II subunit beta (CK II beta) (Phosvitin)
LOC134704386,Cytochrome c oxidase subunit 2 (EC 7.1.1.9) (Cytochrome c oxidase polypeptide II)
LOC134691295,Bystin
LOC134697127,Heat shock 70 kDa protein 12B (Heat shock protein family A member 12B)
LOC134703425,Cytochrome b (Complex III subunit 3) (Complex III subunit III) (Cytochrome b-c1 complex subunit 3) (Ubiquinol-cytochrome-c reductase complex cytochrome b subunit)
LOC134704390,Cytochrome c oxidase subunit 3 (EC 7.1.1.9) (Cytochrome c oxidase polypeptide III)
LOC134704115,Cytochrome c oxidase subunit 2 (EC 7.1.1.9) (Cytochrome c oxidase polypeptide II)
LOC134703960,Cytochrome c oxidase subunit 2 (EC 7.1.1.9) (Cytochrome c oxidase polypeptide II)
LOC134703825,Cytochrome c oxidase subunit 2 (EC 7.1.1.9) (Cytochrome c oxidase polypeptide II)
LOC134703644,Cytochrome b (Complex III subunit 3) (Complex III subunit III) (Cytochrome b-c1 complex subunit 3) (Ubiquinol-cytochrome-c reductase complex cytochrome b subunit)
LOC134722070,"Phenylalanine--tRNA ligase, mitochondrial (EC 6.1.1.20) (Phenylalanyl-tRNA synthetase) (PheRS)"
LOC134692140,Mannose-binding protein (MBP) (Mannan-binding protein)
LOC134684548,"Nudix hydrolase 24, chloroplastic (AtNUDT24) (EC 3.6.1.-)"
LOC134714998,Drebrin-like protein
LOC134712481,Transcription factor Sox-2 (XSox2) (XlSox-2) (SRY (sex determining region Y)-box 2)
LOC134702890,NADH-ubiquinone oxidoreductase chain 6 (EC 7.1.1.2) (NADH dehydrogenase subunit 6)
LOC134693203,S-crystallin SL11 (Major lens polypeptide)
LOC134690687,Polyadenylate-binding protein 1 (PABP-1) (Poly(A)-binding protein 1)
LOC134706234,Calpain-A (EC 3.4.22.-) (Calcium-activated neutral proteinase A) (CANP A) [Cleaved into: Calpain-A catalytic subunit]
LOC134703487,NADH-ubiquinone oxidoreductase chain 2 (EC 7.1.1.2) (NADH dehydrogenase subunit 2)
LOC134728140,THO complex subunit 5 homolog
LOC134707289,Transcriptional activator cubitus interruptus (Transcriptional activator ci) (ci form of 155 kDa) (ci-155) (ci full-length protein) (ciFL) [Cleaved into: Transcriptional repressor cubitus interruptus (Transcriptional repressor ci) (ci C-terminally truncated form) (ci form of 75 kDa) (ci-75)]
LOC134706259,Probable phosphatase phospho2 (EC 3.1.3.-)
LOC134691722,ATP-dependent RNA helicase DDX24 (EC 3.6.4.13) (DEAD box protein 24)
LOC134712091,RNA-binding protein 4 (RNA-binding motif protein 4)
LOC134719036,Pre-mRNA-splicing factor 18 (PRP18 homolog)
LOC134696039,Laminin subunit alpha lam-3 (Laminin alphaA)
LOC134703416,Cytochrome b (Complex III subunit 3) (Complex III subunit III) (Cytochrome b-c1 complex subunit 3) (Ubiquinol-cytochrome-c reductase complex cytochrome b subunit)
LOC134725161,Sodium-independent sulfate anion transporter (Kidney brain anion transporter) (KBAT) (Solute carrier family 26 member 11)
LOC134682488,Collagen alpha-5(VI) chain (Collagen alpha-1(XXIX) chain)
LOC134704069,Cytochrome c oxidase subunit 3 (EC 7.1.1.9) (Cytochrome c oxidase polypeptide III)
LOC134703823,Cytochrome c oxidase subunit 3 (EC 7.1.1.9) (Cytochrome c oxidase polypeptide III)
LOC134704239,NADH-ubiquinone oxidoreductase chain 6 (EC 7.1.1.2) (NADH dehydrogenase subunit 6)
LOC134680923,XK-related protein 6
LOC134720550,ANK repeat-containing protein nipk-1
LOC134704117,Cytochrome b (Complex III subunit 3) (Complex III subunit III) (Cytochrome b-c1 complex subunit 3) (Ubiquinol-cytochrome-c reductase complex cytochrome b subunit)
LOC134725826,Tubulin polymerization-promoting protein family member 3
LOC134697058,"Carbonyl reductase [NADPH] 1 (EC 1.1.1.184) (15-hydroxyprostaglandin dehydrogenase [NADP(+)]) (EC 1.1.1.196, EC 1.1.1.197) (20-beta-hydroxysteroid dehydrogenase) (Alcohol dehydrogenase [NAD(P)+] CBR1) (EC 1.1.1.71) (NADPH-dependent carbonyl reductase 1) (Prostaglandin 9-ketoreductase) (PG-9-KR) (Prostaglandin-E(2) 9-reductase) (EC 1.1.1.189) (Short chain dehydrogenase/reductase family 21C member 1)"
LOC134715721,Transient receptor potential cation channel subfamily M member 3 (Long transient receptor potential channel 3) (LTrpC-3) (LTrpC3) (Melastatin-2) (MLSN2)
LOC134718888,"Unconventional myosin-Va (Dilute myosin heavy chain, non-muscle) (Myosin heavy chain 12) (Myosin-12) (Myoxin)"
LOC134707405,"ATP synthase F(0) complex subunit C2, mitochondrial (ATP synthase lipid-binding protein) (ATP synthase membrane subunit c locus 2) (ATP synthase proteolipid P2) (ATPase protein 9) (ATPase subunit c)"
LOC134690485,"Solute carrier family 25 member 3 (Phosphate carrier protein, mitochondrial) (Phosphate transport protein) (PTP)"
LOC134702866,Cytochrome c oxidase subunit 3 (EC 7.1.1.9) (Cytochrome c oxidase polypeptide III)
LOC134725610,p53 and DNA damage-regulated protein 1
LOC134710433,Proteasome subunit alpha type-3 (Macropain subunit C8) (Multicatalytic endopeptidase complex subunit C8) (Proteasome component C8)
LOC134681402,Sin3 histone deacetylase corepressor complex component SDS3 (Suppressor of defective silencing 3 protein homolog)
LOC134725874,Mitochondrial dicarboxylate carrier (DIC) (Solute carrier family 25 member 10 homolog)
LOC134704092,NADH-ubiquinone oxidoreductase chain 5 (EC 7.1.1.2) (NADH dehydrogenase subunit 5)
LOC134690636,Glutathione S-transferase 1 (EC 2.5.1.18) (GST class-sigma)
LOC134712239,GRIP and coiled-coil domain-containing protein 2 (185 kDa Golgi coiled-coil protein) (GCC185) (CLL-associated antigen KW-11) (CTCL tumor antigen se1-1) (Ran-binding protein 2-like 4) (RanBP2L4) (Renal carcinoma antigen NY-REN-53)
LOC134721354,Amyloid-beta precursor-like protein
LOC134712334,Serine/threonine-protein phosphatase 2A 56 kDa regulatory subunit delta isoform (PP2A B subunit isoform B'-delta) (PP2A B subunit isoform B'-gamma) (PP2A B subunit isoform B56-delta) (PP2A B subunit isoform PR61-delta) (PP2A B subunit isoform R5-delta)
LOC134707377,Regulator of G-protein signaling 5 (RGS5)
LOC134692157,7SK snRNA methylphosphate capping enzyme (MePCE) (EC 2.1.1.-) (Bicoid-interacting protein 3 homolog) (Bin3 homolog) (zBCDIN3)
LOC134702885,Cytochrome b (Complex III subunit 3) (Complex III subunit III) (Cytochrome b-c1 complex subunit 3) (Ubiquinol-cytochrome-c reductase complex cytochrome b subunit)
LOC134681023,Calcium-transporting ATPase sarcoplasmic/endoplasmic reticulum type (EC 7.2.2.10) (Calcium pump) (Sarcoplasmic/endoplasmic reticulum Ca(2+)-ATPase)
LOC134697715,"Protocadherin Fat 1 (Cadherin family member 7) (Cadherin-related tumor suppressor homolog) (Protein fat homolog) [Cleaved into: Protocadherin Fat 1, nuclear form]"
LOC134724655,Bone morphogenetic protein 3 (BMP-3)
LOC134716885,Fibrillin-2 [Cleaved into: Placensin]
LOC134706239,Calpain-A (EC 3.4.22.-) (Calcium-activated neutral proteinase A) (CANP A) [Cleaved into: Calpain-A catalytic subunit]
LOC134687318,Ras-like protein family member 12 (EC 3.6.5.2) (RAS-like protein Ris)
LOC134685538,Splicing factor 3A subunit 2 (SF3a66) (Spliceosome-associated protein 62) (SAP 62)
LOC134703962,Cytochrome b (Complex III subunit 3) (Complex III subunit III) (Cytochrome b-c1 complex subunit 3) (Ubiquinol-cytochrome-c reductase complex cytochrome b subunit)
LOC134703528,NADH-ubiquinone oxidoreductase chain 6 (EC 7.1.1.2) (NADH dehydrogenase subunit 6)
LOC134701368,Ribosomal RNA processing protein 36 homolog
LOC134703648,ATP synthase subunit a (F-ATPase protein 6)
LOC134710119,Ribosomal RNA processing protein 36 homolog
LOC134706662,Enkurin
LOC134702605,Cytochrome c oxidase subunit 2 (EC 7.1.1.9) (Cytochrome c oxidase polypeptide II)
LOC134687394,Charged multivesicular body protein 1b (Chromatin-modifying protein 1b) (CHMP1b)
LOC134724451,Forkhead box protein K2 (FoxK2) (Interleukin enhancer-binding factor 1) (ILF1) (xFoxK1)
LOC134721046,Glutathione hydrolase 1 proenzyme (EC 3.4.19.13) (Gamma-glutamyltransferase 1) (Gamma-glutamyltranspeptidase 1) (GGT 1) (EC 2.3.2.2) (Leukotriene-C4 hydrolase) (EC 3.4.19.14) (CD antigen CD224) [Cleaved into: Glutathione hydrolase 1 heavy chain; Glutathione hydrolase 1 light chain]
LOC134690789,Protein disulfide-isomerase A6 (EC 5.3.4.1) (Calcium-binding protein 1) (CaBP1) (Protein disulfide isomerase P5) (Thioredoxin domain-containing protein 7)
LOC134722075,Gamma-aminobutyric acid receptor-associated protein-like 2 (GABA(A) receptor-associated protein-like 2) (Ganglioside expression factor 2) (GEF-2) (Golgi-associated ATPase enhancer of 16 kDa) (GATE-16)
LOC134703448,NADH-ubiquinone oxidoreductase chain 2 (EC 7.1.1.2) (NADH dehydrogenase subunit 2)
LOC134702374,Cytochrome c oxidase subunit 3 (EC 7.1.1.9) (Cytochrome c oxidase polypeptide III)
LOC134707718,6-phosphogluconolactonase (6PGL) (EC 3.1.1.31)
LOC134696190,Thymosin beta (Tetrathymosin beta)
LOC134685262,Sulfotransferase 1B1 (ST1B1) (EC 2.8.2.1) (Sulfotransferase family cytosolic 1B member 1)
LOC134711009,Caveolin-1
LOC134716071,Solute carrier family 23 member 2 (Na(+)/L-ascorbic acid transporter 2) (Sodium-dependent vitamin C transporter 2)
LOC134723272,Copine-8 (Copine VIII)
LOC134692698,Complement C3 [Cleaved into: Complement C3 beta chain; Complement C3 alpha chain; C3a anaphylatoxin; Complement C3 gamma chain]
LOC134715394,Heterogeneous nuclear ribonucleoprotein K (hnRNP K)
LOC134693012,Insulin-like growth factor-binding protein complex acid labile subunit (ALS)
LOC134715734,"Large ribosomal subunit protein mL51 (39S ribosomal protein L51, mitochondrial) (L51mt) (MRP-L51)"
LOC134702630,Cytochrome b (Complex III subunit 3) (Complex III subunit III) (Cytochrome b-c1 complex subunit 3) (Ubiquinol-cytochrome-c reductase complex cytochrome b subunit)
LOC134704271,Cytochrome c oxidase subunit 3 (EC 7.1.1.9) (Cytochrome c oxidase polypeptide III)
LOC134702754,Cytochrome c oxidase subunit 3 (EC 7.1.1.9) (Cytochrome c oxidase polypeptide III)
LOC134706786,Bone morphogenetic protein receptor type-2 (BMP type-2 receptor) (BMPR-2) (EC 2.7.11.30) (BRK-3) (Bone morphogenetic protein receptor type II) (BMP type II receptor) (BMPR-II)
LOC134710604,Centrosomal protein of 170 kDa protein B (Centrosomal protein 170B) (Cep170B)
LOC134715557,ATPase family AAA domain-containing protein 2B
LOC134703143,Cytochrome c oxidase subunit 3 (EC 7.1.1.9) (Cytochrome c oxidase polypeptide III)
LOC134726293,BUB3-interacting and GLEBS motif-containing protein ZNF207 (BuGZ) (xBuGZ) (Zinc finger protein 207)
LOC134704441,Cytochrome b (Complex III subunit 3) (Complex III subunit III) (Cytochrome b-c1 complex subunit 3) (Ubiquinol-cytochrome-c reductase complex cytochrome b subunit)
LOC134726508,Splicing factor U2AF 50 kDa subunit (U2 auxiliary factor 50 kDa subunit) (U2 snRNP auxiliary factor large subunit)
LOC134691016,Sortilin (Neurotensin receptor 3) (NTR3) (mNTR3)
LOC134722219,Mitochondrial inner membrane m-AAA protease component AFG3L2 (EC 3.4.24.-) (EC 3.6.-.-) (AFG3-like protein 2)
LOC134714268,Fibrinogen-like protein 1
LOC134695850,"Heart- and neural crest derivatives-expressed protein 2 (Deciduum, heart, autonomic nervous system and neural crest derivatives-expressed protein 2) (dHAND)"
LOC134709486,Cdc42 homolog (25 kDa GTP-binding protein)
LOC134708244,Superkiller complex protein 2 (Ski2) (EC 3.6.4.13) (Helicase-like protein) (HLP)
LOC134701763,NADH-ubiquinone oxidoreductase chain 6 (EC 7.1.1.2) (NADH dehydrogenase subunit 6)
LOC134702699,NADH-ubiquinone oxidoreductase chain 6 (EC 7.1.1.2) (NADH dehydrogenase subunit 6)
LOC134704254,NADH-ubiquinone oxidoreductase chain 6 (EC 7.1.1.2) (NADH dehydrogenase subunit 6)
LOC134701696,Heat shock 70 kDa protein 12A (Heat shock protein family A member 12A)
LOC134693828,Segment polarity protein dishevelled homolog DVL-3 (Dishevelled-3) (DSH homolog 3)
LOC134710393,Galectin-6 (Gal-6)
LOC134702870,Cytochrome c oxidase subunit 2 (EC 7.1.1.9) (Cytochrome c oxidase polypeptide II)
LOC134716101,DDRGK domain-containing protein 1
LOC134690892,"NAD(P) transhydrogenase, mitochondrial (EC 7.1.1.1) (Nicotinamide nucleotide transhydrogenase) (Pyridine nucleotide transhydrogenase)"
LOC134704240,Cytochrome b (Complex III subunit 3) (Complex III subunit III) (Cytochrome b-c1 complex subunit 3) (Ubiquinol-cytochrome-c reductase complex cytochrome b subunit)
LOC134697115,Probable serine/threonine-protein kinase pats1 (EC 2.7.11.1) (Protein associated with the transduction of signal 1)
LOC134703411,NADH-ubiquinone oxidoreductase chain 2 (EC 7.1.1.2) (NADH dehydrogenase subunit 2)
LOC134724841,26S proteasome regulatory subunit 6A (26S proteasome AAA-ATPase subunit RPT5) (Proteasome 26S subunit ATPase 3) (Spermatogenic cell/sperm-associated Tat-binding protein homolog SATA) (Tat-binding protein 1) (TBP-1)
LOC134704389,NADH-ubiquinone oxidoreductase chain 6 (EC 7.1.1.2) (NADH dehydrogenase subunit 6)
LOC134697198,Polyunsaturated fatty acid 5-lipoxygenase (EC 1.13.11.-) (Arachidonate 5-lipoxygenase) (5-LO) (5-lipoxygenase) (EC 1.13.11.34)
LOC134715575,"Trifunctional enzyme subunit beta, mitochondrial (TP-beta) [Includes: 3-ketoacyl-CoA thiolase (EC 2.3.1.155) (EC 2.3.1.16) (Acetyl-CoA acyltransferase) (Beta-ketothiolase)]"
LOC134707277,Serine/threonine-protein phosphatase 1 regulatory subunit 10
LOC134721450,"Large ribosomal subunit protein uL15m (39S ribosomal protein L15, mitochondrial) (L15mt) (MRP-L15)"
LOC134703645,Cytochrome b (Complex III subunit 3) (Complex III subunit III) (Cytochrome b-c1 complex subunit 3) (Ubiquinol-cytochrome-c reductase complex cytochrome b subunit)
LOC134708379,Choline transporter-like protein 2 (Solute carrier family 44 member 2)
LOC134703379,NADH-ubiquinone oxidoreductase chain 2 (EC 7.1.1.2) (NADH dehydrogenase subunit 2)
LOC134702864,NADH-ubiquinone oxidoreductase chain 2 (EC 7.1.1.2) (NADH dehydrogenase subunit 2)
LOC134708433,Golgi-associated plant pathogenesis-related protein 1 (GAPR-1) (Golgi-associated PR-1 protein) (Glioma pathogenesis-related protein 2) (GliPR 2)
LOC134714978,Nuclear transcription factor Y subunit alpha (CAAT box DNA-binding protein subunit A) (Nuclear transcription factor Y subunit A) (NF-YA)
LOC134707102,"ATP synthase subunit beta, mitochondrial (EC 7.1.2.2)"
LOC134702607,NADH-ubiquinone oxidoreductase chain 6 (EC 7.1.1.2) (NADH dehydrogenase subunit 6)
LOC134695653,BTB/POZ domain-containing protein 17
LOC134725635,Gelsolin-like protein 2 (Actin-modulator) (EWAM-P2)
LOC134693648,WD repeat-containing protein WRAP73 (WD repeat-containing protein 8) (WD repeat-containing protein antisense to TP73 gene)
LOC134702863,Cytochrome b (Complex III subunit 3) (Complex III subunit III) (Cytochrome b-c1 complex subunit 3) (Ubiquinol-cytochrome-c reductase complex cytochrome b subunit)
LOC134703351,Cytochrome c oxidase subunit 3 (EC 7.1.1.9) (Cytochrome c oxidase polypeptide III)
LOC134704059,Cytochrome b (Complex III subunit 3) (Complex III subunit III) (Cytochrome b-c1 complex subunit 3) (Ubiquinol-cytochrome-c reductase complex cytochrome b subunit)
LOC134686956,Transcriptional enhancer factor TEF-1 (NTEF-1) (Protein GT-IIC) (TEA domain family member 1) (TEAD-1) (Transcription factor 13) (TCF-13)
LOC134691436,Elongation factor 1-alpha (EF-1-alpha) (EC 3.6.5.-)
LOC134703102,Cytochrome c oxidase subunit 2 (EC 7.1.1.9) (Cytochrome c oxidase polypeptide II)
LOC134728119,Collagen alpha-1(XXII) chain
LOC134695853,Glycine receptor subunit alpha-2
LOC134704809,Telomere-associated protein RIF1 (Rap1-interacting factor 1 homolog)
LOC134705706,Collagen alpha-1(V) chain
LOC134712344,Endoribonuclease Dicer (EC 3.1.26.3)
LOC134715563,Protein hu-li tai shao (Adducin-like protein)
LOC134703454,Cytochrome c oxidase subunit 2 (EC 7.1.1.9) (Cytochrome c oxidase polypeptide II)
LOC134703428,NADH-ubiquinone oxidoreductase chain 2 (EC 7.1.1.2) (NADH dehydrogenase subunit 2)
LOC134725810,"D-beta-hydroxybutyrate dehydrogenase, mitochondrial (EC 1.1.1.30) (3-hydroxybutyrate dehydrogenase) (BDH)"
LOC134703358,NADH-ubiquinone oxidoreductase chain 2 (EC 7.1.1.2) (NADH dehydrogenase subunit 2)
LOC134703649,Cytochrome c oxidase subunit 3 (EC 7.1.1.9) (Cytochrome c oxidase polypeptide III)
LOC134681170,NADPH--cytochrome P450 reductase (CPR) (P450R) (EC 1.6.2.4)
LOC134686865,Zinc finger C3H1 domain-containing protein (Coiled-coil domain-containing protein 131) (Proline/serine-rich coiled-coil protein 2)
LOC134715908,Dye-decolorizing peroxidase YfeX (EC 1.11.1.-)
LOC134704205,NADH-ubiquinone oxidoreductase chain 6 (EC 7.1.1.2) (NADH dehydrogenase subunit 6)
LOC134720677,Glutathione S-transferase omega-1 (GSTO-1) (EC 2.5.1.18) (Glutathione S-transferase omega 1-1) (GSTO 1-1) (Glutathione-dependent dehydroascorbate reductase) (EC 1.8.5.1) (Monomethylarsonic acid reductase) (MMA(V) reductase) (EC 1.20.4.2) (S-(Phenacyl)glutathione reductase) (SPG-R)
LOC134686936,Glutathionyl-hydroquinone reductase YqjG (GS-HQR) (EC 1.8.5.7)
LOC134687409,"Serine/arginine-rich splicing factor 2 (Splicing component, 35 kDa) (Splicing factor SC35) (SC-35) (Splicing factor, arginine/serine-rich 2)"
LOC134709366,Aggrecan core protein (Cartilage-specific proteoglycan core protein) (CSPCP)
LOC134725004,Nucleosome-remodeling factor subunit BPTF (Bromodomain and PHD finger-containing transcription factor) (Fetal Alz-50 clone 1 protein) (Fetal Alzheimer antigen)
LOC134702752,NADH-ubiquinone oxidoreductase chain 2 (EC 7.1.1.2) (NADH dehydrogenase subunit 2)
LOC134703412,Cytochrome c oxidase subunit 3 (EC 7.1.1.9) (Cytochrome c oxidase polypeptide III)
LOC134702881,Cytochrome b (Complex III subunit 3) (Complex III subunit III) (Cytochrome b-c1 complex subunit 3) (Ubiquinol-cytochrome-c reductase complex cytochrome b subunit)
LOC134706889,Corepressor interacting with RBPJ 1 (CBF1-interacting corepressor)
LOC134703577,Cytochrome c oxidase subunit 2 (EC 7.1.1.9) (Cytochrome c oxidase polypeptide II)
LOC134714675,Splicing factor 45 (45 kDa-splicing factor) (RNA-binding motif protein 17)
LOC134702882,Cytochrome c oxidase subunit 2 (EC 7.1.1.9) (Cytochrome c oxidase polypeptide II)
LOC134716164,"ATP synthase subunit alpha, mitochondrial (ATP synthase F1 subunit alpha)"
LOC134704201,Cytochrome c oxidase subunit 3 (EC 7.1.1.9) (Cytochrome c oxidase polypeptide III)
LOC134711852,Blastula protease 10 (EC 3.4.24.-)
LOC134687471,Circularly permutated Ras protein 1 (DdiCPRas1)
LOC134714949,Perilipin-2 (Adipophilin) (Adipose differentiation-related protein) (ADRP)
LOC134707922,E3 ubiquitin-protein ligase UBR4 (EC 2.3.2.27) (N-recognin-4)
LOC134704066,Cytochrome c oxidase subunit 2 (EC 7.1.1.9) (Cytochrome c oxidase polypeptide II)
LOC134703353,NADH-ubiquinone oxidoreductase chain 6 (EC 7.1.1.2) (NADH dehydrogenase subunit 6)
LOC134711910,Splicing regulator SDE2 (Replication stress response regulator SDE2)
LOC134691226,Mediator of RNA polymerase II transcription subunit 30 (Mediator complex subunit 30) (TRAP/Mediator complex component TRAP25) (Thyroid hormone receptor-associated protein 6) (Thyroid hormone receptor-associated protein complex 25 kDa component) (Trap25)
LOC134720692,Sorting nexin-16
LOC134682504,Collagen alpha-3(VI) chain
LOC134704269,NADH-ubiquinone oxidoreductase chain 2 (EC 7.1.1.2) (NADH dehydrogenase subunit 2)
LOC134725897,Glyoxalase 3 (EC 4.2.1.130) (Glutathione-independent glyoxalase)
LOC134693309,Ryncolin-4
LOC134691203,Regulator of nonsense transcripts 2 (Up-frameshift suppressor 2 homolog) (Upf2)
LOC134695307,La-related protein 4B (La ribonucleoprotein domain family member 4B) (La ribonucleoprotein domain family member 5) (La-related protein 5)
LOC134697375,"Myotubularin-related protein 8 (Phosphatidylinositol-3,5-bisphosphate 3-phosphatase) (EC 3.1.3.95) (Phosphatidylinositol-3-phosphate phosphatase) (EC 3.1.3.64)"
LOC134702904,Cytochrome c oxidase subunit 2 (EC 7.1.1.9) (Cytochrome c oxidase polypeptide II)
LOC134697168,Heat shock 70 kDa protein 12B (Heat shock protein family A member 12B)
LOC134720694,DDB1- and CUL4-associated factor 11 (WD repeat-containing protein 23)
LOC134682938,Dynein axonemal intermediate chain 7
LOC134710979,Caveolin-1
LOC134685650,R-spondin-2 (Roof plate-specific spondin-2)
LOC134703483,NADH-ubiquinone oxidoreductase chain 6 (EC 7.1.1.2) (NADH dehydrogenase subunit 6)
LOC134721018,Cytochrome P450 1A2 (EC 1.14.14.1) (CYPIA2) (Cholesterol 25-hydroxylase) (Cytochrome P450-P2) (Cytochrome P450-P3) (Hydroperoxy icosatetraenoate dehydratase) (EC 4.2.1.152)
LOC134715516,Chitin synthase chs-2 (EC 2.4.1.16) (Chitin-UDP acetyl-glucosaminyl transferase chs-2)
LOC134713934,Ribosome biogenesis protein BRX1 homolog (Brix domain-containing protein 2) (Bx24)
LOC134704444,Cytochrome c oxidase subunit 3 (EC 7.1.1.9) (Cytochrome c oxidase polypeptide III)
LOC134719838,Myotubularin-related protein 14 (EC 3.1.3.-) (HCV NS5A-transactivated protein 4 splice variant A-binding protein 1) (NS5ATP4ABP1) (hJumpy)
LOC134703343,NADH-ubiquinone oxidoreductase chain 6 (EC 7.1.1.2) (NADH dehydrogenase subunit 6)
LOC134710131,Peptidyl-prolyl cis-trans isomerase FKBP2 (PPIase FKBP2) (EC 5.2.1.8) (13 kDa FK506-binding protein) (13 kDa FKBP) (FKBP-13) (FK506-binding protein 2) (FKBP-2) (Immunophilin FKBP13) (Rotamase)
LOC134686933,Glutathionyl-hydroquinone reductase YqjG (GS-HQR) (EC 1.8.5.7)
LOC134728256,Selenoprotein M
LOC134685003,"Mitogen-activated protein kinase kinase kinase 19 (EC 2.7.11.1) (Regulated in COPD, protein kinase) (SPS1/STE20-related protein kinase YSK4)"
LOC134719022,Transcription initiation factor IIA subunit 2 (General transcription factor IIA subunit 2) (Transcription initiation factor IIA gamma chain) (TFIIA-gamma)
LOC134712429,Peptidyl-prolyl cis-trans isomerase B (PPIase B) (EC 5.2.1.8) (Cyclophilin B) (Rotamase B) (S-cyclophilin) (SCYLP)
LOC134711702,"Serine/arginine-rich splicing factor 4 (Splicing factor, arginine/serine-rich 4)"
LOC134695831,Fibroleukin (Cytotoxic T-lymphocyte-specific protein) (Fibrinogen-like protein 2) (Prothrombinase)
LOC134704203,NADH-ubiquinone oxidoreductase chain 2 (EC 7.1.1.2) (NADH dehydrogenase subunit 2)
LOC134715050,Polyubiquitin-C [Cleaved into: Ubiquitin; Ubiquitin-related]
LOC134696369,Small ribosomal subunit protein eS12 (40S ribosomal protein S12)
LOC134703939,Cytochrome c oxidase subunit 2 (EC 7.1.1.9) (Cytochrome c oxidase polypeptide II)
LOC134704387,Cytochrome b (Complex III subunit 3) (Complex III subunit III) (Cytochrome b-c1 complex subunit 3) (Ubiquinol-cytochrome-c reductase complex cytochrome b subunit)
LOC134720791,CD109 antigen (GPI-anchored alpha-2 macroglobulin-related protein) (CD antigen CD109)
LOC134703459,Cytochrome c oxidase subunit 3 (EC 7.1.1.9) (Cytochrome c oxidase polypeptide III)
LOC134725309,Inter-alpha-trypsin inhibitor heavy chain H4 (ITI heavy chain H4) (ITI-HC4) (Inter-alpha-inhibitor heavy chain 4) (Inter-alpha-trypsin inhibitor family heavy chain-related protein) (IHRP) (Plasma kallikrein sensitive glycoprotein 120) (Gp120) (PK-120) [Cleaved into: 70 kDa inter-alpha-trypsin inhibitor heavy chain H4; 35 kDa inter-alpha-trypsin inhibitor heavy chain H4]
LOC134696398,Septin-2
LOC134720934,Histone-lysine N-methyltransferase 2A (Lysine N-methyltransferase 2A) (EC 2.1.1.364) (ALL-1) (Cysteine methyltransferase KMT2A) (EC 2.1.1.-) (Myeloid/lymphoid or mixed-lineage leukemia) (Myeloid/lymphoid or mixed-lineage leukemia protein 1) (Zinc finger protein HRX) [Cleaved into: MLL cleavage product N320 (N-terminal cleavage product of 320 kDa) (p320); MLL cleavage product C180 (C-terminal cleavage product of 180 kDa) (p180)]
LOC134703429,Cytochrome c oxidase subunit 3 (EC 7.1.1.9) (Cytochrome c oxidase polypeptide III)
LOC134716232,"Myosin regulatory light chain, smooth muscle"
LOC134690273,Sodium- and chloride-dependent glycine transporter 2 (GlyT-2) (GlyT2) (Solute carrier family 6 member 5)
LOC134691555,Ectopic P granules protein 5 homolog
LOC134714838,Vesicular integral-membrane protein VIP36 (Lectin mannose-binding 2) (Vesicular integral-membrane protein 36) (VIP36)
LOC134695011,WD repeat-containing protein 87 (Testis development protein NYD-SP11)
LOC134707981,Tubulin alpha-2/alpha-4 chain (EC 3.6.5.-)
LOC134686763,Hsp90 co-chaperone Cdc37 (Hsp90 chaperone protein kinase-targeting subunit) (p50Cdc37)
LOC134702880,Cytochrome c oxidase subunit 3 (EC 7.1.1.9) (Cytochrome c oxidase polypeptide III)
LOC134681478,"Probable splicing factor, arginine/serine-rich 7 (p54)"
LOC134711956,"Enolase-phosphatase E1 (EC 3.1.3.77) (2,3-diketo-5-methylthio-1-phosphopentane phosphatase) (MASA homolog)"
LOC134718435,Cathepsin L (EC 3.4.22.15) [Cleaved into: Cathepsin L heavy chain; Cathepsin L light chain]
LOC134702751,Cytochrome c oxidase subunit 2 (EC 7.1.1.9) (Cytochrome c oxidase polypeptide II)
LOC134715565,"Trifunctional enzyme subunit alpha, mitochondrial (78 kDa gastrin-binding protein) (Monolysocardiolipin acyltransferase) (EC 2.3.1.-) (TP-alpha) [Includes: Long-chain enoyl-CoA hydratase (EC 4.2.1.17); Long chain 3-hydroxyacyl-CoA dehydrogenase (EC 1.1.1.211)]"
LOC134711515,Collagen alpha-2(IV) chain
LOC134685676,Aldehyde dehydrogenase family 3 member B1 (EC 1.2.1.28) (EC 1.2.1.5) (EC 1.2.1.7)
LOC134703817,Cytochrome c oxidase subunit 2 (EC 7.1.1.9) (Cytochrome c oxidase polypeptide II)
LOC134725530,Ubiquitin-conjugating enzyme E2-17 kDa (EC 2.3.2.23) (E2 ubiquitin-conjugating enzyme D1) (Protein effete) (Ubiquitin carrier protein) (Ubiquitin-protein ligase)
LOC134704249,Cytochrome c oxidase subunit 2 (EC 7.1.1.9) (Cytochrome c oxidase polypeptide II)
LOC134687472,Src substrate cortactin (Amplaxin) (Oncogene EMS1)
LOC134703360,Cytochrome c oxidase subunit 3 (EC 7.1.1.9) (Cytochrome c oxidase polypeptide III)
LOC134715211,Pregnancy zone protein (C3 and PZP-like alpha-2-macroglobulin domain-containing protein 6)
LOC134703957,NADH-ubiquinone oxidoreductase chain 2 (EC 7.1.1.2) (NADH dehydrogenase subunit 2)
LOC134718860,Zinc finger protein 26 (Zfp-26) (Protein mKR3)
LOC134695987,von Willebrand factor A domain-containing protein 7 (Protein G7c)
LOC134721001,Protein LSM14 homolog A (Protein FAM61A) (RNA-associated protein 55A)
LOC134703072,Cytochrome c oxidase subunit 3 (EC 7.1.1.9) (Cytochrome c oxidase polypeptide III)
LOC134687560,Superoxide dismutase [Cu-Zn] (EC 1.15.1.1) (Superoxide dismutase 1)
LOC134702373,NADH-ubiquinone oxidoreductase chain 2 (EC 7.1.1.2) (NADH dehydrogenase subunit 2)
LOC134703150,NADH-ubiquinone oxidoreductase chain 5 (EC 7.1.1.2) (NADH dehydrogenase subunit 5)
LOC134702884,NADH-ubiquinone oxidoreductase chain 2 (EC 7.1.1.2) (NADH dehydrogenase subunit 2)
LOC134705575,Prefoldin subunit 5
LOC134706605,COMM domain-containing protein 3 (Protein Bup) (Protein PIL)
LOC134686582,Nuclear factor interleukin-3-regulated protein
LOC134680830,"Serine/arginine-rich splicing factor 1 (Splicing factor, arginine/serine-rich 1)"
LOC134702888,Cytochrome c oxidase subunit 2 (EC 7.1.1.9) (Cytochrome c oxidase polypeptide II)
LOC134687369,SH3 and multiple ankyrin repeat domains protein 2 (Shank2) (Cortactin-binding protein 1) (CortBP1) (Proline-rich synapse-associated protein 1)
LOC134707780,Selenoprotein F
LOC134702767,NADH-ubiquinone oxidoreductase chain 1 (EC 7.1.1.2) (NADH dehydrogenase subunit 1)
LOC134701031,Plexin-B1
LOC134710048,Thyroid receptor-interacting protein 11 (TR-interacting protein 11) (TRIP-11) (Clonal evolution-related gene on chromosome 14 protein) (Golgi-associated microtubule-binding protein 210) (GMAP-210) (Trip230)
LOC134705627,Coiled-coil domain-containing protein AGAP005037
LOC134715511,Protein hu-li tai shao (Adducin-like protein)
LOC134720928,Multidrug resistance-associated protein 1 (EC 7.6.2.2) (ATP-binding cassette sub-family C member 1) (Glutathione-S-conjugate-translocating ATPase ABCC1) (EC 7.6.2.3) (Leukotriene C(4) transporter) (LTC4 transporter)
LOC134725656,"Aconitate hydratase, mitochondrial (Aconitase) (EC 4.2.1.3) (Citrate hydro-lyase)"
LOC134681735,Zinc finger HIT domain-containing protein 3 (HNF-4a coactivator) (Thyroid hormone receptor interactor 3) (Thyroid receptor-interacting protein 3) (TR-interacting protein 3) (TRIP-3)
LOC134711985,Tubulin-folding cofactor B (Cytoskeleton-associated protein 1) (Cytoskeleton-associated protein CKAPI) (Tubulin-specific chaperone B)
LOC134711740,Abscission/NoCut checkpoint regulator (ANCHR) (Zinc finger FYVE domain-containing protein 19)
LOC134706584,Pericentrin (Kendrin) (Pericentrin-B)
LOC134686760,Allograft inflammatory factor 1-like (Ionized calcium-binding adapter molecule 2)
LOC134685381,RNA-binding protein RO60 (60 kDa SS-A/Ro ribonucleoprotein) (60 kDa Ro protein) (60 kDa ribonucleoprotein Ro) (RoRNP) (Ro 60 kDa autoantigen) (Ro60 autoantigen) (Sjoegren syndrome antigen A2) (Sjoegren syndrome type A antigen) (SS-A) (TROVE domain family member 2)
LOC134684993,"Actin, clone 403 (EC 3.6.4.-)"
LOC134706535,"Citrate synthase, mitochondrial (EC 2.3.3.1) (Citrate (Si)-synthase)"
LOC134728353,Prostaglandin reductase 1 (PRG-1) (15-oxoprostaglandin 13-reductase) (EC 1.3.1.48) (Dithiolethione-inducible gene 1 protein) (D3T-inducible gene 1 protein) (DIG-1) (Leukotriene B4 12-hydroxydehydrogenase) (NAD(P)H-dependent alkenal/one oxidoreductase) (EC 1.3.1.74)
LOC134694022,Mitogen-activated protein kinase kinase kinase 2 (EC 2.7.11.25) (MAPK/ERK kinase kinase 2) (MEK kinase 2) (MEKK 2)
LOC134719944,Inter-alpha-trypsin inhibitor heavy chain H3 (ITI heavy chain H3) (ITI-HC3) (Inter-alpha-inhibitor heavy chain 3)
LOC134712187,Spermatogenesis-associated protein 17
LOC134715630,Cilia- and flagella-associated protein 99
LOC134685664,DNA-directed RNA polymerase I subunit RPA43 (DNA-directed RNA polymerase I subunit F) (Twist neighbor protein)
LOC134715301,BTB/POZ domain-containing protein 2
LOC134701473,Protein TIS11 (dTIS11)
LOC134704208,Cytochrome c oxidase subunit 3 (EC 7.1.1.9) (Cytochrome c oxidase polypeptide III)
LOC134706811,Protein OS-9 (Amplified in osteosarcoma 9)
LOC134715354,Glutathione S-transferase 1 (EC 2.5.1.18) (GST class-sigma)
LOC134702856,Cytochrome c oxidase subunit 2 (EC 7.1.1.9) (Cytochrome c oxidase polypeptide II)
LOC134695441,Innexin unc-9 (Uncoordinated protein 9)
LOC134699104,Survival of motor neuron-related-splicing factor 30 (Survival motor neuron domain-containing protein 1)
LOC134703940,Cytochrome b (Complex III subunit 3) (Complex III subunit III) (Cytochrome b-c1 complex subunit 3) (Ubiquinol-cytochrome-c reductase complex cytochrome b subunit)
LOC134722512,Probable thiopurine S-methyltransferase (Thiopurine methyltransferase) (EC 2.1.1.67)
LOC134702139,NADH-ubiquinone oxidoreductase chain 6 (EC 7.1.1.2) (NADH dehydrogenase subunit 6)
LOC134688449,Cathepsin L (EC 3.4.22.15) [Cleaved into: Cathepsin L heavy chain; Cathepsin L light chain]
LOC134720002,Inter-alpha-trypsin inhibitor heavy chain H2 (ITI heavy chain H2) (ITI-HC2) (Inter-alpha-inhibitor heavy chain 2) (Inter-alpha-trypsin inhibitor complex component II) (Serum-derived hyaluronan-associated protein) (SHAP)
LOC134697352,E3 ubiquitin-protein ligase MYCBP2 (EC 2.3.2.33) (Myc-binding protein 2) (Protein associated with Myc)
LOC134703803,ATP synthase subunit a (F-ATPase protein 6)
LOC134711670,Cdc42 homolog
LOC134696665,StAR-related lipid transfer protein 13 (START domain-containing protein 13) (StARD13)
LOC134695400,MAGUK p55 subfamily member 2 (Protein MPP2)
LOC134725389,Ras GTPase-activating protein-binding protein 2 (G3BP-2) (GAP SH3 domain-binding protein 2)
LOC134715039,Junction-mediating and -regulatory protein
LOC134711966,"1-phosphatidylinositol 4,5-bisphosphate phosphodiesterase beta-4 (EC 3.1.4.11) (Phosphoinositide phospholipase C-beta-4) (Phospholipase C-beta-4) (PLC-beta-4)"
LOC134714744,Structural maintenance of chromosomes protein 3 (SMC protein 3) (SMC-3)
LOC134711252,Cathepsin L (EC 3.4.22.15) (SMCL1)
LOC134725475,Stearoyl-CoA desaturase 5 (EC 1.14.19.1) (Acyl-CoA-desaturase 4) (Stearoyl-CoA 9-desaturase)
LOC134721824,RANBP2-like and GRIP domain-containing protein 8 (Ran-binding protein 2-like 3) (RanBP2-like 3) (RanBP2L3)
LOC134724113,Exportin-T (Exportin(tRNA)) (tRNA exportin)
LOC134685282,Receptor-type tyrosine-protein phosphatase R (R-PTP-R) (EC 3.1.3.48) (Ch-1PTPase) (NC-PTPCOM1) (Protein-tyrosine phosphatase PCPTP1)
LOC134710514,Glycogen phosphorylase (EC 2.4.1.1)
LOC134712581,Zinc finger protein 318 (Endocrine regulatory protein)
LOC134725623,Calcium-dependent protein kinase C (EC 2.7.11.13) (APL I)
LOC134728156,"A-kinase anchor protein 1, mitochondrial (Dual specificity A-kinase-anchoring protein 1) (D-AKAP-1) (Protein kinase A-anchoring protein 1) (PRKA1) (Spermatid A-kinase anchor protein) (S-AKAP)"
LOC134711713,Hemicentin-1 (Fibulin-6) (FIBL-6)
LOC134726622,Heterogeneous nuclear ribonucleoprotein A/B (hnRNP A/B) (CArG-binding factor-A) (CBF-A)
LOC134721396,RNA-binding protein Musashi homolog Rbp6
LOC134682920,Sodium- and chloride-dependent glycine transporter 2 (GlyT-2) (GlyT2) (Solute carrier family 6 member 5)
LOC134685249,Probable nuclear hormone receptor HR3 (dHR3) (Nuclear receptor subfamily 1 group F member 4)
LOC134728134,"X-box-binding protein 1 (Hepatocarcinogenesis-related transcription factor) (HTF) [Cleaved into: X-box-binding protein 1, cytoplasmic form; X-box-binding protein 1, luminal form]"
LOC134719644,IQ motif and SEC7 domain-containing protein 1
LOC134684285,SAM pointed domain-containing Ets transcription factor (Prostate epithelium-specific Ets transcription factor) (Prostate-specific Ets) (Prostate-derived Ets factor)
LOC134721971,Chromodomain-helicase-DNA-binding protein 8 (CHD-8) (EC 3.6.4.12) (ATP-dependent helicase CHD8)
LOC134726382,Prominin-1-A (Prominin-like protein 1)
LOC134716126,Programmed cell death protein 4 (Protein I11/6)
LOC134696967,Polypyrimidine tract-binding protein 1 (PTB) (57 kDa RNA-binding protein PPTB-1) (Heterogeneous nuclear ribonucleoprotein I) (hnRNP I)
LOC134711840,Putative uncharacterized oxidoreductase C513.07 (EC 1.1.1.-)
LOC134694627,Pre-mRNA-splicing factor CWC22 homolog (Nucampholin homolog)
LOC134721302,Palmitoyltransferase ZDHHC1 (EC 2.3.1.225) (DHHC domain-containing protein 1) (Zinc finger DHHC domain-containing protein 1)
LOC134725270,Luc7-like protein 3 (Cisplatin resistance-associated-overexpressed protein)
LOC134707148,"Short-chain dehydrogenase TIC 32, chloroplastic (EC 1.1.1.-) (Translocon at the inner envelope membrane of chloroplasts 32) (AtTIC32)"
LOC134720611,Cilia- and flagella-associated protein 68
LOC134706880,Rho GTPase-activating protein 12 (Rho-type GTPase-activating protein 12)
LOC134712491,Disks large homolog 2 (Postsynaptic density protein 93) (PSD-93)
LOC134715299,Max-interacting protein 1 (Max interactor 1)
LOC134706502,Tyrosine-protein phosphatase non-receptor type 4 (EC 3.1.3.48) (Protein-tyrosine phosphatase MEG1) (MEG) (PTPase-MEG1)
LOC134697285,Sterol regulatory element-binding protein 1 (SREBP-1) (Sterol regulatory element-binding transcription factor 1) [Cleaved into: Processed sterol regulatory element-binding protein 1 (Transcription factor SREBF1)]
LOC134712600,Calmodulin (CaM)
LOC134706789,Pre-B-cell leukemia transcription factor 1 (Homeobox protein PBX1)
LOC134681276,E3 ubiquitin-protein ligase RNF10 (EC 2.3.2.27) (RING finger protein 10)
LOC134720762,RNA-binding protein Musashi homolog Rbp6
LOC134721387,DAZ-associated protein 1 (Deleted in azoospermia-associated protein 1) (Proline-rich Vg1 mRNA-binding protein)
LOC134715606,Tyrosine-protein kinase CSK (EC 2.7.10.2) (C-Src kinase)
LOC134692786,Tyrosine-protein phosphatase non-receptor type 11 (EC 3.1.3.48) (Protein-tyrosine phosphatase 1D) (PTP-1D) (Protein-tyrosine phosphatase SYP) (SH-PTP2) (SHP-2) (Shp2)
LOC134721118,DNA-directed RNA polymerase II subunit RPB3 (RNA polymerase II subunit 3) (RNA polymerase II subunit B3) (DNA-directed RNA polymerase II subunit C)
LOC134684267,Ankyrin repeat and SAM domain-containing protein 1A (Odin)
LOC134712325,F-box-like/WD repeat-containing protein TBL1X (Transducin beta-like protein 1X)
LOC134715770,Protein AF-9 (Myeloid/lymphoid or mixed-lineage leukemia translocated to chromosome 3 protein homolog)
LOC134685014,ETS homologous factor (ETS domain-containing transcription factor)
LOC134686829,Chloride intracellular channel Clic
LOC134711382,RNA-binding protein PNO1
LOC134693874,Basement membrane-specific heparan sulfate proteoglycan core protein (HSPG) (Perlecan) (PLC) [Cleaved into: Endorepellin; LG3 peptide]
LOC134713745,Actin-2 (EC 3.6.4.-)
LOC134685401,Kinesin-like protein KIF17 (MmKIF17)
LOC134687121,CCR4-Not complex 3'-5'-exoribonuclease subunit Ccr4 (EC 3.1.13.4) (Carbon catabolite repressor protein 4) (Cytoplasmic deadenylase) (Glucose-repressible alcohol dehydrogenase transcriptional effector)
LOC134712862,Zinc metalloproteinase nas-30 (EC 3.4.24.-) (Nematode astacin 30)
LOC134716050,Very low-density lipoprotein receptor (VLDL receptor) (VLDL-R)
LOC134689920,Eukaryotic translation initiation factor 2 subunit 1 (Eukaryotic translation initiation factor 2 subunit alpha) (eIF-2-alpha) (eIF-2A) (eIF-2alpha)
